[Classes],Label,Introduced by,Hyperlink,When,Comment,Occurrences,Using GRFIDs
,"axleweight","Dutch Trainset 3XL",https://bananas.openttd.org/package/newgrf/544d0201,2026-06-20,"Axle weight",2,"544d0201 fb300c4b"
,"benches","Polish-Stations",https://bananas.openttd.org/package/newgrf/50530001,2026-02-12,"Benches",2,"50530001 fb300c4b"
,"builder","2cc Narrow Gauge in NML",https://bananas.openttd.org/package/newgrf/544e0101,2026-08-03,"Builder",2,"544e0101 fb300c4b"
,"fence","Polish-Stations",https://bananas.openttd.org/package/newgrf/50530001,2026-06-12,"Fence",2,"50530001 fb300c4b"
,"flag",OpenTTD default badges,https://github.com/OpenTTD/OpenTTD/pull/13655,2025-02-27,"Country/Region",5,"38424253 504e53ff 544d0201 57465907 fb300c4b"
,"ih_behaviour","Iron Horse 4 (Trains)",https://bananas.openttd.org/package/newgrf/43411223,2026-01-04,"Behaviour",2,"43411223 fb300c4b"
,"ih_gen","Iron Horse 4 (Trains)",https://bananas.openttd.org/package/newgrf/43411223,2026-01-04,"Gen",2,"43411223 fb300c4b"
,"ih_railtype","Iron Horse 4 (Trains)",https://bananas.openttd.org/package/newgrf/43411223,2026-01-04,"",1,"43411223"
,"ih_tech_tree","Iron Horse 4 (Trains)",https://bananas.openttd.org/package/newgrf/43411223,2026-01-04,"",1,"43411223"
,"ih_vehicle_family","Iron Horse 4 (Trains)",https://bananas.openttd.org/package/newgrf/43411223,2026-01-04,"AUTO GENERATED CLASS",0,
,"lanterns","Polish-Stations",https://bananas.openttd.org/package/newgrf/50530001,2026-02-12,"Lanterns",2,"50530001 fb300c4b"
,"livery",OpenTTD default badges,https://github.com/OpenTTD/OpenTTD/pull/13655,2025-02-27,"Livery",3,"43411223 504e53ff fb300c4b"
,"newgrf","Iron Horse 4 (Trains)",https://bananas.openttd.org/package/newgrf/43411223,2026-01-04,"AUTO GENERATED CLASS",0,
,"operator",OpenTTD default badges,https://github.com/OpenTTD/OpenTTD/pull/13655,2025-02-27,"Operator",2,"504e53ff fb300c4b"
,"platform_colour","Polish-Stations",https://bananas.openttd.org/package/newgrf/50530001,2026-02-12,"Colour",2,"50530001 fb300c4b"
,"power",OpenTTD default badges,https://github.com/OpenTTD/OpenTTD/pull/13655,2025-02-27,"Propulsion",8,"38424253 43411223 504e53ff 544d0201 544e0101 55464951 57465907 fb300c4b"
,"railgauge","2cc Narrow Gauge in NML",https://bananas.openttd.org/package/newgrf/544e0101,2026-03-30,"Track Gauge",2,"544e0101 fb300c4b"
,"region",OpenTTD default badges,https://github.com/OpenTTD/OpenTTD/pull/13655,2025-02-27,"Region",2,"504e53ff fb300c4b"
,"roadtype_flag_no_houses","U&RaTT 2",https://bananas.openttd.org/package/newgrf/55464950,2026-01-02,"no houses",2,"55464950 fb300c4b"
,"role",OpenTTD default badges,https://github.com/OpenTTD/OpenTTD/pull/13655,2025-02-27,"Role",5,"43411223 504e53ff 544d0201 57465907 fb300c4b"
,"roof","Polish-Stations",https://bananas.openttd.org/package/newgrf/50530001,2026-02-14,"Roof",2,"50530001 fb300c4b"
,"screen","Polish-Stations",https://bananas.openttd.org/package/newgrf/50530001,2026-02-14,"Screen",2,"50530001 fb300c4b"
,"shelter","Polish-Stations",https://bananas.openttd.org/package/newgrf/50530001,2026-02-14,"Shelter",2,"50530001 fb300c4b"
,"zone",OpenTTD default badges,https://github.com/OpenTTD/OpenTTD/pull/13655,2025-02-27,"Zone",2,"504e53ff fb300c4b"
[axleweight],Label,Introduced by,Hyperlink,When,Comment,Occurrences,Using GRFIDs
,"axleweight/A","Dutch Trainset 3XL",https://bananas.openttd.org/package/newgrf/544d0201,2026-06-20,"(Class A) Very low ",2,"544d0201 fb300c4b"
,"axleweight/B","Dutch Trainset 3XL",https://bananas.openttd.org/package/newgrf/544d0201,2026-06-20,"(Class B) Low",2,"544d0201 fb300c4b"
,"axleweight/C","Dutch Trainset 3XL",https://bananas.openttd.org/package/newgrf/544d0201,2026-06-20,"(Class C) Medium",2,"544d0201 fb300c4b"
,"axleweight/D","Dutch Trainset 3XL",https://bananas.openttd.org/package/newgrf/544d0201,2026-06-20,"(Class D) High",2,"544d0201 fb300c4b"
,"axleweight/E","Dutch Trainset 3XL",https://bananas.openttd.org/package/newgrf/544d0201,2026-06-20,"(Class E) Very high",2,"544d0201 fb300c4b"
[benches],Label,Introduced by,Hyperlink,When,Comment,Occurrences,Using GRFIDs
,"benches/birch","Polish-Stations",https://bananas.openttd.org/package/newgrf/50530001,2026-02-12,"Birch",2,"50530001 fb300c4b"
,"benches/dutch","Polish-Stations",https://bananas.openttd.org/package/newgrf/50530001,2026-02-12,"Dutch",2,"50530001 fb300c4b"
,"benches/modern","Polish-Stations",https://bananas.openttd.org/package/newgrf/50530001,2026-02-12,"Modern",2,"50530001 fb300c4b"
,"benches/oak","Polish-Stations",https://bananas.openttd.org/package/newgrf/50530001,2026-02-12,"Oak",2,"50530001 fb300c4b"
[builder],Label,Introduced by,Hyperlink,When,Comment,Occurrences,Using GRFIDs
,"builder/23_august","2cc Narrow Gauge in NML",https://bananas.openttd.org/package/newgrf/544e0101,2026-08-03,"'23 August' Bucharest Locomotive Works",2,"544e0101 fb300c4b"
,"builder/aeg","2cc Narrow Gauge in NML",https://bananas.openttd.org/package/newgrf/544e0101,2026-08-03,"Allgemeine Elektricitäts-Gesellschaft 'AEG'",2,"544e0101 fb300c4b"
,"builder/alco","2cc Narrow Gauge in NML",https://bananas.openttd.org/package/newgrf/544e0101,2026-08-03,"American Locomotive Company 'ALCO'",2,"544e0101 fb300c4b"
,"builder/alsthom","2cc Narrow Gauge in NML",https://bananas.openttd.org/package/newgrf/544e0101,2026-08-03,"Alsthom",2,"544e0101 fb300c4b"
,"builder/ansaldo_breda","2cc Narrow Gauge in NML",https://bananas.openttd.org/package/newgrf/544e0101,2026-08-03,"AnsaldoBreda",2,"544e0101 fb300c4b"
,"builder/baldwin","2cc Narrow Gauge in NML",https://bananas.openttd.org/package/newgrf/544e0101,2026-08-03,"Baldwin Locomotive Works",2,"544e0101 fb300c4b"
,"builder/bbc","2cc Narrow Gauge in NML",https://bananas.openttd.org/package/newgrf/544e0101,2026-08-03,"Brown, Boweri & Cie. 'BBC'",2,"544e0101 fb300c4b"
,"builder/beyer_peacock","2cc Narrow Gauge in NML",https://bananas.openttd.org/package/newgrf/544e0101,2026-08-03,"Beyer, Peacock & Co.",2,"544e0101 fb300c4b"
,"builder/blh","2cc Narrow Gauge in NML",https://bananas.openttd.org/package/newgrf/544e0101,2026-08-03,"Baldwin-Lima-Hamilton",2,"544e0101 fb300c4b"
,"builder/brown_marshall","2cc Narrow Gauge in NML",https://bananas.openttd.org/package/newgrf/544e0101,2026-08-03,"Brown, Marshalls & Co.",2,"544e0101 fb300c4b"
,"builder/brush","2cc Narrow Gauge in NML",https://bananas.openttd.org/package/newgrf/544e0101,2026-08-03,"Brush Traction",2,"544e0101 fb300c4b"
,"builder/caf","2cc Narrow Gauge in NML",https://bananas.openttd.org/package/newgrf/544e0101,2026-08-03,"Construcciones y Auxiliar de Ferrocarriles 'CAF'",2,"544e0101 fb300c4b"
,"builder/carminati_toselli","2cc Narrow Gauge in NML",https://bananas.openttd.org/package/newgrf/544e0101,2026-08-03,"Carminati & Toselli",2,"544e0101 fb300c4b"
,"builder/cfd","2cc Narrow Gauge in NML",https://bananas.openttd.org/package/newgrf/544e0101,2026-08-03,"CFD Bagnères",2,"544e0101 fb300c4b"
,"builder/clyde","2cc Narrow Gauge in NML",https://bananas.openttd.org/package/newgrf/544e0101,2026-08-03,"Clyde Locomotive Company",2,"544e0101 fb300c4b"
,"builder/comeng","2cc Narrow Gauge in NML",https://bananas.openttd.org/package/newgrf/544e0101,2026-08-03,"Commonwealth Engineering 'COMENG'",2,"544e0101 fb300c4b"
,"builder/crochat","2cc Narrow Gauge in NML",https://bananas.openttd.org/package/newgrf/544e0101,2026-08-03,"Ateliers Henry Crochat",2,"544e0101 fb300c4b"
,"builder/crrc","2cc Narrow Gauge in NML",https://bananas.openttd.org/package/newgrf/544e0101,2026-08-03,"CRRC",2,"544e0101 fb300c4b"
,"builder/crrc/tangshan","2cc Narrow Gauge in NML",https://bananas.openttd.org/package/newgrf/544e0101,2026-08-03,"CRRC Tangshan",2,"544e0101 fb300c4b"
,"builder/crrc/zuzhou","2cc Narrow Gauge in NML",https://bananas.openttd.org/package/newgrf/544e0101,2026-08-03,"CRRC Zuzhou",2,"544e0101 fb300c4b"
,"builder/downer","2cc Narrow Gauge in NML",https://bananas.openttd.org/package/newgrf/544e0101,2026-08-03,"Downer Rail",2,"544e0101 fb300c4b"
,"builder/dubs","2cc Narrow Gauge in NML",https://bananas.openttd.org/package/newgrf/544e0101,2026-08-03,"Dübs & Co.",2,"544e0101 fb300c4b"
,"builder/ee","2cc Narrow Gauge in NML",https://bananas.openttd.org/package/newgrf/544e0101,2026-08-03,"English Electric",2,"544e0101 fb300c4b"
,"builder/emd","2cc Narrow Gauge in NML",https://bananas.openttd.org/package/newgrf/544e0101,2026-08-03,"Electro-Motive Division 'EMD'",2,"544e0101 fb300c4b"
,"builder/falcon","2cc Narrow Gauge in NML",https://bananas.openttd.org/package/newgrf/544e0101,2026-08-03,"Falcon Engine & Car Works",2,"544e0101 fb300c4b"
,"builder/ferrostaal","2cc Narrow Gauge in NML",https://bananas.openttd.org/package/newgrf/544e0101,2026-08-03,"Ferrostaal",2,"544e0101 fb300c4b"
,"builder/fiat","2cc Narrow Gauge in NML",https://bananas.openttd.org/package/newgrf/544e0101,2026-08-03,"Fiat Ferroviari",2,"544e0101 fb300c4b"
,"builder/foster_rastrick","2cc Narrow Gauge in NML",https://bananas.openttd.org/package/newgrf/544e0101,2026-08-03,"Foster, Rastrick & Co.",2,"544e0101 fb300c4b"
,"builder/fuji","2cc Narrow Gauge in NML",https://bananas.openttd.org/package/newgrf/544e0101,2026-08-03,"Fuji Heavy Industries",2,"544e0101 fb300c4b"
,"builder/fv_del_bajio","2cc Narrow Gauge in NML",https://bananas.openttd.org/package/newgrf/544e0101,2026-08-03,"Ferrovías del Bajío, S.A. de C.V.",2,"544e0101 fb300c4b"
,"builder/ganz_mavag","2cc Narrow Gauge in NML",https://bananas.openttd.org/package/newgrf/544e0101,2026-08-03,"Ganz-MAVAG",2,"544e0101 fb300c4b"
,"builder/ge","2cc Narrow Gauge in NML",https://bananas.openttd.org/package/newgrf/544e0101,2026-08-03,"General Electric 'GE'",2,"544e0101 fb300c4b"
,"builder/gm","2cc Narrow Gauge in NML",https://bananas.openttd.org/package/newgrf/544e0101,2026-08-03,"General Motors 'GM'",2,"544e0101 fb300c4b"
,"builder/goninan","2cc Narrow Gauge in NML",https://bananas.openttd.org/package/newgrf/544e0101,2026-08-03,"A. Goninan & Co.",2,"544e0101 fb300c4b"
,"builder/haiphong","2cc Narrow Gauge in NML",https://bananas.openttd.org/package/newgrf/544e0101,2026-08-03,"Haiphong Carriage Company",2,"544e0101 fb300c4b"
,"builder/henschel","2cc Narrow Gauge in NML",https://bananas.openttd.org/package/newgrf/544e0101,2026-08-03,"Henschel & Son",2,"544e0101 fb300c4b"
,"builder/hinkley","2cc Narrow Gauge in NML",https://bananas.openttd.org/package/newgrf/544e0101,2026-08-03,"Hinkley Locomotive Works",2,"544e0101 fb300c4b"
,"builder/hitachi","2cc Narrow Gauge in NML",https://bananas.openttd.org/package/newgrf/544e0101,2026-08-03,"Hitachi Rail",2,"544e0101 fb300c4b"
,"builder/hk_porter","2cc Narrow Gauge in NML",https://bananas.openttd.org/package/newgrf/544e0101,2026-08-03,"H.K. Porter, Inc.",2,"544e0101 fb300c4b"
,"builder/horlock","2cc Narrow Gauge in NML",https://bananas.openttd.org/package/newgrf/544e0101,2026-08-03,"A. Horlock & Co.",2,"544e0101 fb300c4b"
,"builder/hunslet","2cc Narrow Gauge in NML",https://bananas.openttd.org/package/newgrf/544e0101,2026-08-03,"Hunslet Engine Company",2,"544e0101 fb300c4b"
,"builder/inka","2cc Narrow Gauge in NML",https://bananas.openttd.org/package/newgrf/544e0101,2026-08-03,"Industri Kereta Api",2,"544e0101 fb300c4b"
,"builder/jgr","2cc Narrow Gauge in NML",https://bananas.openttd.org/package/newgrf/544e0101,2026-08-03,"JGR Works",2,"544e0101 fb300c4b"
,"builder/jgr/kobe","2cc Narrow Gauge in NML",https://bananas.openttd.org/package/newgrf/544e0101,2026-08-03,"JGR Kobe Works",2,"544e0101 fb300c4b"
,"builder/kaluga","2cc Narrow Gauge in NML",https://bananas.openttd.org/package/newgrf/544e0101,2026-08-03,"Kalugatransmash",2,"544e0101 fb300c4b"
,"builder/kawasaki","2cc Narrow Gauge in NML",https://bananas.openttd.org/package/newgrf/544e0101,2026-08-03,"Kawasaki Heavy Industries",2,"544e0101 fb300c4b"
,"builder/kisha_seizo","2cc Narrow Gauge in NML",https://bananas.openttd.org/package/newgrf/544e0101,2026-08-03,"Kisha Seizo",2,"544e0101 fb300c4b"
,"builder/kitson","2cc Narrow Gauge in NML",https://bananas.openttd.org/package/newgrf/544e0101,2026-08-03,"Kitson & Co.",2,"544e0101 fb300c4b"
,"builder/komarek","2cc Narrow Gauge in NML",https://bananas.openttd.org/package/newgrf/544e0101,2026-08-03,"Komarek Maschinenfabrik",2,"544e0101 fb300c4b"
,"builder/krauss_maffei","2cc Narrow Gauge in NML",https://bananas.openttd.org/package/newgrf/544e0101,2026-08-03,"Krauss-Maffei",2,"544e0101 fb300c4b"
,"builder/lkm","2cc Narrow Gauge in NML",https://bananas.openttd.org/package/newgrf/544e0101,2026-08-03,"Lokomotivbau 'Karl Marx' Babelsberg",2,"544e0101 fb300c4b"
,"builder/mav","2cc Narrow Gauge in NML",https://bananas.openttd.org/package/newgrf/544e0101,2026-08-03,"MÁV Northern Repair Works",2,"544e0101 fb300c4b"
,"builder/metro_cammell","2cc Narrow Gauge in NML",https://bananas.openttd.org/package/newgrf/544e0101,2026-08-03,"Metro-Cammell",2,"544e0101 fb300c4b"
,"builder/mtm","2cc Narrow Gauge in NML",https://bananas.openttd.org/package/newgrf/544e0101,2026-08-03,"Maquinista Terrestre y Maritima 'MTM'",2,"544e0101 fb300c4b"
,"builder/munktells","2cc Narrow Gauge in NML",https://bananas.openttd.org/package/newgrf/544e0101,2026-08-03,"Munktells Mekaniska Verkstad",2,"544e0101 fb300c4b"
,"builder/nasmyth_wilson","2cc Narrow Gauge in NML",https://bananas.openttd.org/package/newgrf/544e0101,2026-08-03,"Nasmyth, Wilson & Co.",2,"544e0101 fb300c4b"
,"builder/neilson","2cc Narrow Gauge in NML",https://bananas.openttd.org/package/newgrf/544e0101,2026-08-03,"Neilson & Co.",2,"544e0101 fb300c4b"
,"builder/niigata","2cc Narrow Gauge in NML",https://bananas.openttd.org/package/newgrf/544e0101,2026-08-03,"Niigata Transys",2,"544e0101 fb300c4b"
,"builder/nippon_sharyo","2cc Narrow Gauge in NML",https://bananas.openttd.org/package/newgrf/544e0101,2026-08-03,"Nippon Sharyo",2,"544e0101 fb300c4b"
,"builder/north_british","2cc Narrow Gauge in NML",https://bananas.openttd.org/package/newgrf/544e0101,2026-08-03,"North British Locomotive Company",2,"544e0101 fb300c4b"
,"builder/nzr","2cc Narrow Gauge in NML",https://bananas.openttd.org/package/newgrf/544e0101,2026-08-03,"NZR Workshops",2,"544e0101 fb300c4b"
,"builder/nzr/addington","2cc Narrow Gauge in NML",https://bananas.openttd.org/package/newgrf/544e0101,2026-08-03,"NZR Addington Workshops",2,"544e0101 fb300c4b"
,"builder/nzr/hillside","2cc Narrow Gauge in NML",https://bananas.openttd.org/package/newgrf/544e0101,2026-08-03,"NZR Hillside Workshops",2,"544e0101 fb300c4b"
,"builder/nzr/hutt","2cc Narrow Gauge in NML",https://bananas.openttd.org/package/newgrf/544e0101,2026-08-03,"NZR Hutt Workshops",2,"544e0101 fb300c4b"
,"builder/nzr/otahuhu","2cc Narrow Gauge in NML",https://bananas.openttd.org/package/newgrf/544e0101,2026-08-03,"NZR Otahuhu Workshops",2,"544e0101 fb300c4b"
,"builder/orenstein_koppel","2cc Narrow Gauge in NML",https://bananas.openttd.org/package/newgrf/544e0101,2026-08-03,"Orenstein & Koppel",2,"544e0101 fb300c4b"
,"builder/pullman","2cc Narrow Gauge in NML",https://bananas.openttd.org/package/newgrf/544e0101,2026-08-03,"Pullman Palace Car Company",2,"544e0101 fb300c4b"
,"builder/ringhoffer","2cc Narrow Gauge in NML",https://bananas.openttd.org/package/newgrf/544e0101,2026-08-03,"Ringhoffer",2,"544e0101 fb300c4b"
,"builder/robatel_buffaud","2cc Narrow Gauge in NML",https://bananas.openttd.org/package/newgrf/544e0101,2026-08-03,"Ateliers Robatel & Buffaud",2,"544e0101 fb300c4b"
,"builder/sachsiche","2cc Narrow Gauge in NML",https://bananas.openttd.org/package/newgrf/544e0101,2026-08-03,"Sächsische Maschinenfabrik",2,"544e0101 fb300c4b"
,"builder/siemens","2cc Narrow Gauge in NML",https://bananas.openttd.org/package/newgrf/544e0101,2026-08-03,"Siemens Mobility",2,"544e0101 fb300c4b"
,"builder/sig","2cc Narrow Gauge in NML",https://bananas.openttd.org/package/newgrf/544e0101,2026-08-03,"Schweizerische Industrie Gesellschaft 'SIG'",2,"544e0101 fb300c4b"
,"builder/slm","2cc Narrow Gauge in NML",https://bananas.openttd.org/package/newgrf/544e0101,2026-08-03,"Swiss Locomotive and Machine Works 'SLM'",2,"544e0101 fb300c4b"
,"builder/smz","2cc Narrow Gauge in NML",https://bananas.openttd.org/package/newgrf/544e0101,2026-08-03,"SMZ Dubnica",2,"544e0101 fb300c4b"
,"builder/soule","2cc Narrow Gauge in NML",https://bananas.openttd.org/package/newgrf/544e0101,2026-08-03,"Établissements Soulé",2,"544e0101 fb300c4b"
,"builder/stadler","2cc Narrow Gauge in NML",https://bananas.openttd.org/package/newgrf/544e0101,2026-08-03,"Stadler Rail",2,"544e0101 fb300c4b"
,"builder/sulzer","2cc Narrow Gauge in NML",https://bananas.openttd.org/package/newgrf/544e0101,2026-08-03,"Sulzer",2,"544e0101 fb300c4b"
,"builder/sws","2cc Narrow Gauge in NML",https://bananas.openttd.org/package/newgrf/544e0101,2026-08-03,"Schweizerische Wagonsfabrik Schlieren 'Wagi'",2,"544e0101 fb300c4b"
,"builder/toshiba","2cc Narrow Gauge in NML",https://bananas.openttd.org/package/newgrf/544e0101,2026-08-03,"Toshiba",2,"544e0101 fb300c4b"
,"builder/ucw","2cc Narrow Gauge in NML",https://bananas.openttd.org/package/newgrf/544e0101,2026-08-03,"Union Carriage & Wagon 'UCW'",2,"544e0101 fb300c4b"
,"builder/uerdingen","2cc Narrow Gauge in NML",https://bananas.openttd.org/package/newgrf/544e0101,2026-08-03,"Waggon-Fabrik AG Uerdingen",2,"544e0101 fb300c4b"
,"builder/vossloh","2cc Narrow Gauge in NML",https://bananas.openttd.org/package/newgrf/544e0101,2026-08-03,"Vossloh",2,"544e0101 fb300c4b"
,"builder/vossloh/espana","2cc Narrow Gauge in NML",https://bananas.openttd.org/package/newgrf/544e0101,2026-08-03,"Vossloh España",2,"544e0101 fb300c4b"
,"builder/vulcan","2cc Narrow Gauge in NML",https://bananas.openttd.org/package/newgrf/544e0101,2026-08-03,"Vulcan Foundry",2,"544e0101 fb300c4b"
,"builder/walkers","2cc Narrow Gauge in NML",https://bananas.openttd.org/package/newgrf/544e0101,2026-08-03,"Walkers Limited",2,"544e0101 fb300c4b"
,"builder/werkspoor","2cc Narrow Gauge in NML",https://bananas.openttd.org/package/newgrf/544e0101,2026-08-03,"Werkspoor",2,"544e0101 fb300c4b"
,"builder/wismar","2cc Narrow Gauge in NML",https://bananas.openttd.org/package/newgrf/544e0101,2026-08-03,"Waggonfabrik Wismar",2,"544e0101 fb300c4b"
[fence],Label,Introduced by,Hyperlink,When,Comment,Occurrences,Using GRFIDs
,"fence/between_tracks","Polish-Stations",https://bananas.openttd.org/package/newgrf/50530001,2026-06-12,"Between Tracks",2,"50530001 fb300c4b"
,"fence/platform","Polish-Stations",https://bananas.openttd.org/package/newgrf/50530001,2026-06-12,"Platform",2,"50530001 fb300c4b"
,"fence/surrounded","Polish-Stations",https://bananas.openttd.org/package/newgrf/50530001,2026-06-12,"Surrounded by",2,"50530001 fb300c4b"
,"fence/without","Polish-Stations",https://bananas.openttd.org/package/newgrf/50530001,2026-06-12,"Without",2,"50530001 fb300c4b"
[flag],Label,Introduced by,Hyperlink,When,Comment,Occurrences,Using GRFIDs
,"flag/AD",OpenTTD default badges,https://github.com/OpenTTD/OpenTTD/pull/13655,2025-02-27,"Andorra",2,"504e53ff fb300c4b"
,"flag/AE",OpenTTD default badges,https://github.com/OpenTTD/OpenTTD/pull/13655,2025-02-27,"United Arab Emirates",2,"504e53ff fb300c4b"
,"flag/AF",OpenTTD default badges,https://github.com/OpenTTD/OpenTTD/pull/13655,2025-02-27,"Afghanistan",2,"504e53ff fb300c4b"
,"flag/AG",OpenTTD default badges,https://github.com/OpenTTD/OpenTTD/pull/13655,2025-02-27,"Antigua and Barbuda",2,"504e53ff fb300c4b"
,"flag/AI",OpenTTD default badges,https://github.com/OpenTTD/OpenTTD/pull/13655,2025-02-27,"Anguilla",2,"504e53ff fb300c4b"
,"flag/AL",OpenTTD default badges,https://github.com/OpenTTD/OpenTTD/pull/13655,2025-02-27,"Albania",3,"38424253 504e53ff fb300c4b"
,"flag/AM",OpenTTD default badges,https://github.com/OpenTTD/OpenTTD/pull/13655,2025-02-27,"Armenia",2,"504e53ff fb300c4b"
,"flag/AO",OpenTTD default badges,https://github.com/OpenTTD/OpenTTD/pull/13655,2025-02-27,"Angola",3,"38424253 504e53ff fb300c4b"
,"flag/AQ",OpenTTD default badges,https://github.com/OpenTTD/OpenTTD/pull/13655,2025-02-27,"Antarctica",2,"504e53ff fb300c4b"
,"flag/AR",OpenTTD default badges,https://github.com/OpenTTD/OpenTTD/pull/13655,2025-02-27,"Argentina",3,"38424253 504e53ff fb300c4b"
,"flag/AS",OpenTTD default badges,https://github.com/OpenTTD/OpenTTD/pull/13655,2025-02-27,"American Samoa",2,"504e53ff fb300c4b"
,"flag/AT",OpenTTD default badges,https://github.com/OpenTTD/OpenTTD/pull/13655,2025-02-27,"Austria",4,"38424253 504e53ff 544d0201 fb300c4b"
,"flag/AU",OpenTTD default badges,https://github.com/OpenTTD/OpenTTD/pull/13655,2025-02-27,"Australia",3,"38424253 504e53ff fb300c4b"
,"flag/AW",OpenTTD default badges,https://github.com/OpenTTD/OpenTTD/pull/13655,2025-02-27,"Aruba",2,"504e53ff fb300c4b"
,"flag/AX",OpenTTD default badges,https://github.com/OpenTTD/OpenTTD/pull/13655,2025-02-27,"Åland",2,"504e53ff fb300c4b"
,"flag/AZ",OpenTTD default badges,https://github.com/OpenTTD/OpenTTD/pull/13655,2025-02-27,"Azerbaijan",2,"504e53ff fb300c4b"
,"flag/BA",OpenTTD default badges,https://github.com/OpenTTD/OpenTTD/pull/13655,2025-02-27,"Bosnia and Herzegovina",2,"504e53ff fb300c4b"
,"flag/BB",OpenTTD default badges,https://github.com/OpenTTD/OpenTTD/pull/13655,2025-02-27,"Barbados",3,"38424253 504e53ff fb300c4b"
,"flag/BD",OpenTTD default badges,https://github.com/OpenTTD/OpenTTD/pull/13655,2025-02-27,"Bangladesh",3,"38424253 504e53ff fb300c4b"
,"flag/BE",OpenTTD default badges,https://github.com/OpenTTD/OpenTTD/pull/13655,2025-02-27,"Belgium",4,"38424253 504e53ff 544d0201 fb300c4b"
,"flag/BF",OpenTTD default badges,https://github.com/OpenTTD/OpenTTD/pull/13655,2025-02-27,"Burkina Faso",3,"38424253 504e53ff fb300c4b"
,"flag/BG",OpenTTD default badges,https://github.com/OpenTTD/OpenTTD/pull/13655,2025-02-27,"Bulgaria",3,"38424253 504e53ff fb300c4b"
,"flag/BH",OpenTTD default badges,https://github.com/OpenTTD/OpenTTD/pull/13655,2025-02-27,"Bahrain",2,"504e53ff fb300c4b"
,"flag/BI",OpenTTD default badges,https://github.com/OpenTTD/OpenTTD/pull/13655,2025-02-27,"Burundi",2,"504e53ff fb300c4b"
,"flag/BJ",OpenTTD default badges,https://github.com/OpenTTD/OpenTTD/pull/13655,2025-02-27,"Benin",3,"38424253 504e53ff fb300c4b"
,"flag/BL",OpenTTD default badges,https://github.com/OpenTTD/OpenTTD/pull/13655,2025-02-27,"Saint Barthélemy",2,"504e53ff fb300c4b"
,"flag/BM",OpenTTD default badges,https://github.com/OpenTTD/OpenTTD/pull/13655,2025-02-27,"Bermuda",2,"504e53ff fb300c4b"
,"flag/BN",OpenTTD default badges,https://github.com/OpenTTD/OpenTTD/pull/13655,2025-02-27,"Brunei",2,"504e53ff fb300c4b"
,"flag/BO",OpenTTD default badges,https://github.com/OpenTTD/OpenTTD/pull/13655,2025-02-27,"Bolivia",3,"38424253 504e53ff fb300c4b"
,"flag/BQ",OpenTTD default badges,https://github.com/OpenTTD/OpenTTD/pull/13655,2025-02-27,"Caribbean Netherlands",2,"504e53ff fb300c4b"
,"flag/BR",OpenTTD default badges,https://github.com/OpenTTD/OpenTTD/pull/13655,2025-02-27,"Brazil",3,"38424253 504e53ff fb300c4b"
,"flag/BS",OpenTTD default badges,https://github.com/OpenTTD/OpenTTD/pull/13655,2025-02-27,"Bahamas",2,"504e53ff fb300c4b"
,"flag/BT",OpenTTD default badges,https://github.com/OpenTTD/OpenTTD/pull/13655,2025-02-27,"Bhutan",2,"504e53ff fb300c4b"
,"flag/BV",OpenTTD default badges,https://github.com/OpenTTD/OpenTTD/pull/13655,2025-02-27,"Bouvet Island",2,"504e53ff fb300c4b"
,"flag/BW",OpenTTD default badges,https://github.com/OpenTTD/OpenTTD/pull/13655,2025-02-27,"Botswana",3,"38424253 504e53ff fb300c4b"
,"flag/BY",OpenTTD default badges,https://github.com/OpenTTD/OpenTTD/pull/13655,2025-02-27,"Belarus",3,"38424253 504e53ff fb300c4b"
,"flag/BZ",OpenTTD default badges,https://github.com/OpenTTD/OpenTTD/pull/13655,2025-02-27,"Belize",2,"504e53ff fb300c4b"
,"flag/CA",OpenTTD default badges,https://github.com/OpenTTD/OpenTTD/pull/13655,2025-02-27,"Canada",3,"38424253 504e53ff fb300c4b"
,"flag/CC",OpenTTD default badges,https://github.com/OpenTTD/OpenTTD/pull/13655,2025-02-27,"Cocos Islands",2,"504e53ff fb300c4b"
,"flag/CD",OpenTTD default badges,https://github.com/OpenTTD/OpenTTD/pull/13655,2025-02-27,"Democratic Republic of the Congo",3,"38424253 504e53ff fb300c4b"
,"flag/CF",OpenTTD default badges,https://github.com/OpenTTD/OpenTTD/pull/13655,2025-02-27,"Central African Republic",2,"504e53ff fb300c4b"
,"flag/CG",OpenTTD default badges,https://github.com/OpenTTD/OpenTTD/pull/13655,2025-02-27,"Republic of the Congo",3,"38424253 504e53ff fb300c4b"
,"flag/CH",OpenTTD default badges,https://github.com/OpenTTD/OpenTTD/pull/13655,2025-02-27,"Switzerland",4,"38424253 504e53ff 544d0201 fb300c4b"
,"flag/CI",OpenTTD default badges,https://github.com/OpenTTD/OpenTTD/pull/13655,2025-02-27,"Ivory Coast",3,"38424253 504e53ff fb300c4b"
,"flag/CK",OpenTTD default badges,https://github.com/OpenTTD/OpenTTD/pull/13655,2025-02-27,"Cook Islands",2,"504e53ff fb300c4b"
,"flag/CL",OpenTTD default badges,https://github.com/OpenTTD/OpenTTD/pull/13655,2025-02-27,"Chile",3,"38424253 504e53ff fb300c4b"
,"flag/CM",OpenTTD default badges,https://github.com/OpenTTD/OpenTTD/pull/13655,2025-02-27,"Cameroon",3,"38424253 504e53ff fb300c4b"
,"flag/CN",OpenTTD default badges,https://github.com/OpenTTD/OpenTTD/pull/13655,2025-02-27,"China",3,"38424253 504e53ff fb300c4b"
,"flag/CO",OpenTTD default badges,https://github.com/OpenTTD/OpenTTD/pull/13655,2025-02-27,"Colombia",3,"38424253 504e53ff fb300c4b"
,"flag/CR",OpenTTD default badges,https://github.com/OpenTTD/OpenTTD/pull/13655,2025-02-27,"Costa Rica",3,"38424253 504e53ff fb300c4b"
,"flag/CU",OpenTTD default badges,https://github.com/OpenTTD/OpenTTD/pull/13655,2025-02-27,"Cuba",2,"504e53ff fb300c4b"
,"flag/CV",OpenTTD default badges,https://github.com/OpenTTD/OpenTTD/pull/13655,2025-02-27,"Cape Verde",3,"38424253 504e53ff fb300c4b"
,"flag/CW",OpenTTD default badges,https://github.com/OpenTTD/OpenTTD/pull/13655,2025-02-27,"Curaçao",2,"504e53ff fb300c4b"
,"flag/CX",OpenTTD default badges,https://github.com/OpenTTD/OpenTTD/pull/13655,2025-02-27,"Christmas Island",2,"504e53ff fb300c4b"
,"flag/CY",OpenTTD default badges,https://github.com/OpenTTD/OpenTTD/pull/13655,2025-02-27,"Cyprus",2,"504e53ff fb300c4b"
,"flag/CZ",OpenTTD default badges,https://github.com/OpenTTD/OpenTTD/pull/13655,2025-02-27,"Czech Republic",4,"38424253 504e53ff 544d0201 fb300c4b"
,"flag/DE",OpenTTD default badges,https://github.com/OpenTTD/OpenTTD/pull/13655,2025-02-27,"Germany",4,"38424253 504e53ff 544d0201 fb300c4b"
,"flag/DJ",OpenTTD default badges,https://github.com/OpenTTD/OpenTTD/pull/13655,2025-02-27,"Djibouti",2,"504e53ff fb300c4b"
,"flag/DK",OpenTTD default badges,https://github.com/OpenTTD/OpenTTD/pull/13655,2025-02-27,"Denmark",4,"38424253 504e53ff 544d0201 fb300c4b"
,"flag/DM",OpenTTD default badges,https://github.com/OpenTTD/OpenTTD/pull/13655,2025-02-27,"Dominica",2,"504e53ff fb300c4b"
,"flag/DO",OpenTTD default badges,https://github.com/OpenTTD/OpenTTD/pull/13655,2025-02-27,"Dominican Republic",2,"504e53ff fb300c4b"
,"flag/DZ",OpenTTD default badges,https://github.com/OpenTTD/OpenTTD/pull/13655,2025-02-27,"Algeria",3,"38424253 504e53ff fb300c4b"
,"flag/EC",OpenTTD default badges,https://github.com/OpenTTD/OpenTTD/pull/13655,2025-02-27,"Ecuador",3,"38424253 504e53ff fb300c4b"
,"flag/EE",OpenTTD default badges,https://github.com/OpenTTD/OpenTTD/pull/13655,2025-02-27,"Estonia",3,"38424253 504e53ff fb300c4b"
,"flag/EG",OpenTTD default badges,https://github.com/OpenTTD/OpenTTD/pull/13655,2025-02-27,"Egypt",3,"38424253 504e53ff fb300c4b"
,"flag/EH",OpenTTD default badges,https://github.com/OpenTTD/OpenTTD/pull/13655,2025-02-27,"Western Sahara",2,"504e53ff fb300c4b"
,"flag/ER",OpenTTD default badges,https://github.com/OpenTTD/OpenTTD/pull/13655,2025-02-27,"Eritrea",3,"38424253 504e53ff fb300c4b"
,"flag/ES",OpenTTD default badges,https://github.com/OpenTTD/OpenTTD/pull/13655,2025-02-27,"Spain",3,"38424253 504e53ff fb300c4b"
,"flag/ET",OpenTTD default badges,https://github.com/OpenTTD/OpenTTD/pull/13655,2025-02-27,"Ethiopia",2,"504e53ff fb300c4b"
,"flag/FI",OpenTTD default badges,https://github.com/OpenTTD/OpenTTD/pull/13655,2025-02-27,"Finland",3,"38424253 504e53ff fb300c4b"
,"flag/FJ",OpenTTD default badges,https://github.com/OpenTTD/OpenTTD/pull/13655,2025-02-27,"Fiji",2,"504e53ff fb300c4b"
,"flag/FK",OpenTTD default badges,https://github.com/OpenTTD/OpenTTD/pull/13655,2025-02-27,"Falkland Islands",2,"504e53ff fb300c4b"
,"flag/FM",OpenTTD default badges,https://github.com/OpenTTD/OpenTTD/pull/13655,2025-02-27,"Micronesia",2,"504e53ff fb300c4b"
,"flag/FO",OpenTTD default badges,https://github.com/OpenTTD/OpenTTD/pull/13655,2025-02-27,"Faroe Islands",2,"504e53ff fb300c4b"
,"flag/FR",OpenTTD default badges,https://github.com/OpenTTD/OpenTTD/pull/13655,2025-02-27,"France",4,"38424253 504e53ff 544d0201 fb300c4b"
,"flag/GA",OpenTTD default badges,https://github.com/OpenTTD/OpenTTD/pull/13655,2025-02-27,"Gabon",3,"38424253 504e53ff fb300c4b"
,"flag/GB",OpenTTD default badges,https://github.com/OpenTTD/OpenTTD/pull/13655,2025-02-27,"United Kingdom",5,"38424253 504e53ff 544d0201 57465907 fb300c4b"
,"flag/GD",OpenTTD default badges,https://github.com/OpenTTD/OpenTTD/pull/13655,2025-02-27,"Grenada",2,"504e53ff fb300c4b"
,"flag/GE",OpenTTD default badges,https://github.com/OpenTTD/OpenTTD/pull/13655,2025-02-27,"Georgia",3,"38424253 504e53ff fb300c4b"
,"flag/GF",OpenTTD default badges,https://github.com/OpenTTD/OpenTTD/pull/13655,2025-02-27,"French Guiana",2,"504e53ff fb300c4b"
,"flag/GG",OpenTTD default badges,https://github.com/OpenTTD/OpenTTD/pull/13655,2025-02-27,"Guernsey",2,"504e53ff fb300c4b"
,"flag/GH",OpenTTD default badges,https://github.com/OpenTTD/OpenTTD/pull/13655,2025-02-27,"Ghana",3,"38424253 504e53ff fb300c4b"
,"flag/GI",OpenTTD default badges,https://github.com/OpenTTD/OpenTTD/pull/13655,2025-02-27,"Gibraltar",2,"504e53ff fb300c4b"
,"flag/GL",OpenTTD default badges,https://github.com/OpenTTD/OpenTTD/pull/13655,2025-02-27,"Greenland",2,"504e53ff fb300c4b"
,"flag/GM",OpenTTD default badges,https://github.com/OpenTTD/OpenTTD/pull/13655,2025-02-27,"Gambia",3,"38424253 504e53ff fb300c4b"
,"flag/GN",OpenTTD default badges,https://github.com/OpenTTD/OpenTTD/pull/13655,2025-02-27,"Guinea",3,"38424253 504e53ff fb300c4b"
,"flag/GP",OpenTTD default badges,https://github.com/OpenTTD/OpenTTD/pull/13655,2025-02-27,"Guadeloupe",2,"504e53ff fb300c4b"
,"flag/GQ",OpenTTD default badges,https://github.com/OpenTTD/OpenTTD/pull/13655,2025-02-27,"Equatorial Guinea",2,"504e53ff fb300c4b"
,"flag/GR",OpenTTD default badges,https://github.com/OpenTTD/OpenTTD/pull/13655,2025-02-27,"Greece",3,"38424253 504e53ff fb300c4b"
,"flag/GS",OpenTTD default badges,https://github.com/OpenTTD/OpenTTD/pull/13655,2025-02-27,"South Georgia and the South Sandwich Islands",2,"504e53ff fb300c4b"
,"flag/GT",OpenTTD default badges,https://github.com/OpenTTD/OpenTTD/pull/13655,2025-02-27,"Gautemala",2,"504e53ff fb300c4b"
,"flag/GU",OpenTTD default badges,https://github.com/OpenTTD/OpenTTD/pull/13655,2025-02-27,"Guam",2,"504e53ff fb300c4b"
,"flag/GW",OpenTTD default badges,https://github.com/OpenTTD/OpenTTD/pull/13655,2025-02-27,"Guinea-Bissau",3,"38424253 504e53ff fb300c4b"
,"flag/GY",OpenTTD default badges,https://github.com/OpenTTD/OpenTTD/pull/13655,2025-02-27,"Guyana",2,"504e53ff fb300c4b"
,"flag/HK",OpenTTD default badges,https://github.com/OpenTTD/OpenTTD/pull/13655,2025-02-27,"Hong Kong",3,"38424253 504e53ff fb300c4b"
,"flag/HM",OpenTTD default badges,https://github.com/OpenTTD/OpenTTD/pull/13655,2025-02-27,"Heard Island and McDonald Islands",2,"504e53ff fb300c4b"
,"flag/HN",OpenTTD default badges,https://github.com/OpenTTD/OpenTTD/pull/13655,2025-02-27,"Honduras",2,"504e53ff fb300c4b"
,"flag/HR",OpenTTD default badges,https://github.com/OpenTTD/OpenTTD/pull/13655,2025-02-27,"Croatia",3,"38424253 504e53ff fb300c4b"
,"flag/HT",OpenTTD default badges,https://github.com/OpenTTD/OpenTTD/pull/13655,2025-02-27,"Haiti",2,"504e53ff fb300c4b"
,"flag/HU",OpenTTD default badges,https://github.com/OpenTTD/OpenTTD/pull/13655,2025-02-27,"Hungary",3,"38424253 504e53ff fb300c4b"
,"flag/ID",OpenTTD default badges,https://github.com/OpenTTD/OpenTTD/pull/13655,2025-02-27,"Indonesia",3,"38424253 504e53ff fb300c4b"
,"flag/IE",OpenTTD default badges,https://github.com/OpenTTD/OpenTTD/pull/13655,2025-02-27,"Ireland",3,"38424253 504e53ff fb300c4b"
,"flag/IL",OpenTTD default badges,https://github.com/OpenTTD/OpenTTD/pull/13655,2025-02-27,"Israel",3,"38424253 504e53ff fb300c4b"
,"flag/IM",OpenTTD default badges,https://github.com/OpenTTD/OpenTTD/pull/13655,2025-02-27,"Isle of Man",2,"504e53ff fb300c4b"
,"flag/IN",OpenTTD default badges,https://github.com/OpenTTD/OpenTTD/pull/13655,2025-02-27,"India",3,"38424253 504e53ff fb300c4b"
,"flag/IO",OpenTTD default badges,https://github.com/OpenTTD/OpenTTD/pull/13655,2025-02-27,"British Indian Ocean Territory",2,"504e53ff fb300c4b"
,"flag/IQ",OpenTTD default badges,https://github.com/OpenTTD/OpenTTD/pull/13655,2025-02-27,"Iraq",3,"38424253 504e53ff fb300c4b"
,"flag/IR",OpenTTD default badges,https://github.com/OpenTTD/OpenTTD/pull/13655,2025-02-27,"Iran",3,"38424253 504e53ff fb300c4b"
,"flag/IS",OpenTTD default badges,https://github.com/OpenTTD/OpenTTD/pull/13655,2025-02-27,"Iceland",2,"504e53ff fb300c4b"
,"flag/IT",OpenTTD default badges,https://github.com/OpenTTD/OpenTTD/pull/13655,2025-02-27,"Italy",4,"38424253 504e53ff 544d0201 fb300c4b"
,"flag/JE",OpenTTD default badges,https://github.com/OpenTTD/OpenTTD/pull/13655,2025-02-27,"Jersey",2,"504e53ff fb300c4b"
,"flag/JM",OpenTTD default badges,https://github.com/OpenTTD/OpenTTD/pull/13655,2025-02-27,"Jamaica",2,"504e53ff fb300c4b"
,"flag/JO",OpenTTD default badges,https://github.com/OpenTTD/OpenTTD/pull/13655,2025-02-27,"Jordan",2,"504e53ff fb300c4b"
,"flag/JP",OpenTTD default badges,https://github.com/OpenTTD/OpenTTD/pull/13655,2025-02-27,"Japan",3,"38424253 504e53ff fb300c4b"
,"flag/KE",OpenTTD default badges,https://github.com/OpenTTD/OpenTTD/pull/13655,2025-02-27,"Kenya",3,"38424253 504e53ff fb300c4b"
,"flag/KG",OpenTTD default badges,https://github.com/OpenTTD/OpenTTD/pull/13655,2025-02-27,"Kyrgyzstan",2,"504e53ff fb300c4b"
,"flag/KH",OpenTTD default badges,https://github.com/OpenTTD/OpenTTD/pull/13655,2025-02-27,"Cambodia",3,"38424253 504e53ff fb300c4b"
,"flag/KI",OpenTTD default badges,https://github.com/OpenTTD/OpenTTD/pull/13655,2025-02-27,"Kiribati",2,"504e53ff fb300c4b"
,"flag/KM",OpenTTD default badges,https://github.com/OpenTTD/OpenTTD/pull/13655,2025-02-27,"Comoros",3,"38424253 504e53ff fb300c4b"
,"flag/KN",OpenTTD default badges,https://github.com/OpenTTD/OpenTTD/pull/13655,2025-02-27,"Saint Kitts and Nevis",2,"504e53ff fb300c4b"
,"flag/KP",OpenTTD default badges,https://github.com/OpenTTD/OpenTTD/pull/13655,2025-02-27,"North Korea",3,"38424253 504e53ff fb300c4b"
,"flag/KR",OpenTTD default badges,https://github.com/OpenTTD/OpenTTD/pull/13655,2025-02-27,"South Korea",3,"38424253 504e53ff fb300c4b"
,"flag/KW",OpenTTD default badges,https://github.com/OpenTTD/OpenTTD/pull/13655,2025-02-27,"Kuwait",2,"504e53ff fb300c4b"
,"flag/KY",OpenTTD default badges,https://github.com/OpenTTD/OpenTTD/pull/13655,2025-02-27,"Cayman Islands",2,"504e53ff fb300c4b"
,"flag/KZ",OpenTTD default badges,https://github.com/OpenTTD/OpenTTD/pull/13655,2025-02-27,"Kazakhstan",3,"38424253 504e53ff fb300c4b"
,"flag/LA",OpenTTD default badges,https://github.com/OpenTTD/OpenTTD/pull/13655,2025-02-27,"Lao",3,"38424253 504e53ff fb300c4b"
,"flag/LB",OpenTTD default badges,https://github.com/OpenTTD/OpenTTD/pull/13655,2025-02-27,"Lebanon",2,"504e53ff fb300c4b"
,"flag/LC",OpenTTD default badges,https://github.com/OpenTTD/OpenTTD/pull/13655,2025-02-27,"Saint Lucia",2,"504e53ff fb300c4b"
,"flag/LI",OpenTTD default badges,https://github.com/OpenTTD/OpenTTD/pull/13655,2025-02-27,"Liechtenstein",2,"504e53ff fb300c4b"
,"flag/LK",OpenTTD default badges,https://github.com/OpenTTD/OpenTTD/pull/13655,2025-02-27,"Sri Lanka",3,"38424253 504e53ff fb300c4b"
,"flag/LR",OpenTTD default badges,https://github.com/OpenTTD/OpenTTD/pull/13655,2025-02-27,"Liberia",3,"38424253 504e53ff fb300c4b"
,"flag/LS",OpenTTD default badges,https://github.com/OpenTTD/OpenTTD/pull/13655,2025-02-27,"Lesotho",2,"504e53ff fb300c4b"
,"flag/LT",OpenTTD default badges,https://github.com/OpenTTD/OpenTTD/pull/13655,2025-02-27,"Lithuania",3,"38424253 504e53ff fb300c4b"
,"flag/LU",OpenTTD default badges,https://github.com/OpenTTD/OpenTTD/pull/13655,2025-02-27,"Luxembourg",4,"38424253 504e53ff 544d0201 fb300c4b"
,"flag/LV",OpenTTD default badges,https://github.com/OpenTTD/OpenTTD/pull/13655,2025-02-27,"Lativa",2,"504e53ff fb300c4b"
,"flag/LY",OpenTTD default badges,https://github.com/OpenTTD/OpenTTD/pull/13655,2025-02-27,"Libya",2,"504e53ff fb300c4b"
,"flag/MA",OpenTTD default badges,https://github.com/OpenTTD/OpenTTD/pull/13655,2025-02-27,"Morocco",3,"38424253 504e53ff fb300c4b"
,"flag/MC",OpenTTD default badges,https://github.com/OpenTTD/OpenTTD/pull/13655,2025-02-27,"Monaco",2,"504e53ff fb300c4b"
,"flag/MD",OpenTTD default badges,https://github.com/OpenTTD/OpenTTD/pull/13655,2025-02-27,"Moldova",2,"504e53ff fb300c4b"
,"flag/ME",OpenTTD default badges,https://github.com/OpenTTD/OpenTTD/pull/13655,2025-02-27,"Montenegro",2,"504e53ff fb300c4b"
,"flag/MF",OpenTTD default badges,https://github.com/OpenTTD/OpenTTD/pull/13655,2025-02-27,"Saint Martin",2,"504e53ff fb300c4b"
,"flag/MG",OpenTTD default badges,https://github.com/OpenTTD/OpenTTD/pull/13655,2025-02-27,"Madagascar",3,"38424253 504e53ff fb300c4b"
,"flag/MH",OpenTTD default badges,https://github.com/OpenTTD/OpenTTD/pull/13655,2025-02-27,"Marshall Islands",2,"504e53ff fb300c4b"
,"flag/MK",OpenTTD default badges,https://github.com/OpenTTD/OpenTTD/pull/13655,2025-02-27,"North Macedonia",3,"38424253 504e53ff fb300c4b"
,"flag/ML",OpenTTD default badges,https://github.com/OpenTTD/OpenTTD/pull/13655,2025-02-27,"Mali",3,"38424253 504e53ff fb300c4b"
,"flag/MM",OpenTTD default badges,https://github.com/OpenTTD/OpenTTD/pull/13655,2025-02-27,"Myanmar",3,"38424253 504e53ff fb300c4b"
,"flag/MN",OpenTTD default badges,https://github.com/OpenTTD/OpenTTD/pull/13655,2025-02-27,"Mongolia",2,"504e53ff fb300c4b"
,"flag/MO",OpenTTD default badges,https://github.com/OpenTTD/OpenTTD/pull/13655,2025-02-27,"Macao",2,"504e53ff fb300c4b"
,"flag/MP",OpenTTD default badges,https://github.com/OpenTTD/OpenTTD/pull/13655,2025-02-27,"Northern Mariana Islands",2,"504e53ff fb300c4b"
,"flag/MQ",OpenTTD default badges,https://github.com/OpenTTD/OpenTTD/pull/13655,2025-02-27,"Martinique",2,"504e53ff fb300c4b"
,"flag/MR",OpenTTD default badges,https://github.com/OpenTTD/OpenTTD/pull/13655,2025-02-27,"Mauritania",3,"38424253 504e53ff fb300c4b"
,"flag/MS",OpenTTD default badges,https://github.com/OpenTTD/OpenTTD/pull/13655,2025-02-27,"Montserrat",2,"504e53ff fb300c4b"
,"flag/MT",OpenTTD default badges,https://github.com/OpenTTD/OpenTTD/pull/13655,2025-02-27,"Malta",2,"504e53ff fb300c4b"
,"flag/MU",OpenTTD default badges,https://github.com/OpenTTD/OpenTTD/pull/13655,2025-02-27,"Mauritius",3,"38424253 504e53ff fb300c4b"
,"flag/MV",OpenTTD default badges,https://github.com/OpenTTD/OpenTTD/pull/13655,2025-02-27,"Maldives",2,"504e53ff fb300c4b"
,"flag/MW",OpenTTD default badges,https://github.com/OpenTTD/OpenTTD/pull/13655,2025-02-27,"Malawi",2,"504e53ff fb300c4b"
,"flag/MX",OpenTTD default badges,https://github.com/OpenTTD/OpenTTD/pull/13655,2025-02-27,"Mexico",3,"38424253 504e53ff fb300c4b"
,"flag/MY",OpenTTD default badges,https://github.com/OpenTTD/OpenTTD/pull/13655,2025-02-27,"Malaysia",3,"38424253 504e53ff fb300c4b"
,"flag/MZ",OpenTTD default badges,https://github.com/OpenTTD/OpenTTD/pull/13655,2025-02-27,"Mozambique",3,"38424253 504e53ff fb300c4b"
,"flag/NA",OpenTTD default badges,https://github.com/OpenTTD/OpenTTD/pull/13655,2025-02-27,"Namibia",3,"38424253 504e53ff fb300c4b"
,"flag/NC",OpenTTD default badges,https://github.com/OpenTTD/OpenTTD/pull/13655,2025-02-27,"New Caledonia",2,"504e53ff fb300c4b"
,"flag/NE",OpenTTD default badges,https://github.com/OpenTTD/OpenTTD/pull/13655,2025-02-27,"Niger",3,"38424253 504e53ff fb300c4b"
,"flag/NF",OpenTTD default badges,https://github.com/OpenTTD/OpenTTD/pull/13655,2025-02-27,"Norfolk Island",2,"504e53ff fb300c4b"
,"flag/NG",OpenTTD default badges,https://github.com/OpenTTD/OpenTTD/pull/13655,2025-02-27,"Nigeria",3,"38424253 504e53ff fb300c4b"
,"flag/NI",OpenTTD default badges,https://github.com/OpenTTD/OpenTTD/pull/13655,2025-02-27,"Nicaragua",2,"504e53ff fb300c4b"
,"flag/NL",OpenTTD default badges,https://github.com/OpenTTD/OpenTTD/pull/13655,2025-02-27,"Netherlands",5,"38424253 504e53ff 50530001 544d0201 fb300c4b"
,"flag/NO",OpenTTD default badges,https://github.com/OpenTTD/OpenTTD/pull/13655,2025-02-27,"Norway",3,"38424253 504e53ff fb300c4b"
,"flag/NP",OpenTTD default badges,https://github.com/OpenTTD/OpenTTD/pull/13655,2025-02-27,"Nepal",2,"504e53ff fb300c4b"
,"flag/NR",OpenTTD default badges,https://github.com/OpenTTD/OpenTTD/pull/13655,2025-02-27,"Nauru",2,"504e53ff fb300c4b"
,"flag/NU",OpenTTD default badges,https://github.com/OpenTTD/OpenTTD/pull/13655,2025-02-27,"Niue",2,"504e53ff fb300c4b"
,"flag/NZ",OpenTTD default badges,https://github.com/OpenTTD/OpenTTD/pull/13655,2025-02-27,"New Zealand",3,"38424253 504e53ff fb300c4b"
,"flag/OM",OpenTTD default badges,https://github.com/OpenTTD/OpenTTD/pull/13655,2025-02-27,"Oman",2,"504e53ff fb300c4b"
,"flag/PA",OpenTTD default badges,https://github.com/OpenTTD/OpenTTD/pull/13655,2025-02-27,"Panama",3,"38424253 504e53ff fb300c4b"
,"flag/PE",OpenTTD default badges,https://github.com/OpenTTD/OpenTTD/pull/13655,2025-02-27,"Peru",3,"38424253 504e53ff fb300c4b"
,"flag/PF",OpenTTD default badges,https://github.com/OpenTTD/OpenTTD/pull/13655,2025-02-27,"French Polynesia",2,"504e53ff fb300c4b"
,"flag/PG",OpenTTD default badges,https://github.com/OpenTTD/OpenTTD/pull/13655,2025-02-27,"Papua New Guinea",2,"504e53ff fb300c4b"
,"flag/PH",OpenTTD default badges,https://github.com/OpenTTD/OpenTTD/pull/13655,2025-02-27,"Philippines",2,"504e53ff fb300c4b"
,"flag/PK",OpenTTD default badges,https://github.com/OpenTTD/OpenTTD/pull/13655,2025-02-27,"Pakistan",2,"504e53ff fb300c4b"
,"flag/PL",OpenTTD default badges,https://github.com/OpenTTD/OpenTTD/pull/13655,2025-02-27,"Poland",4,"38424253 504e53ff 50530001 fb300c4b"
,"flag/PM",OpenTTD default badges,https://github.com/OpenTTD/OpenTTD/pull/13655,2025-02-27,"Saint Pierre and Miquelon",2,"504e53ff fb300c4b"
,"flag/PN",OpenTTD default badges,https://github.com/OpenTTD/OpenTTD/pull/13655,2025-02-27,"Pitcairn",2,"504e53ff fb300c4b"
,"flag/PR",OpenTTD default badges,https://github.com/OpenTTD/OpenTTD/pull/13655,2025-02-27,"Puerto Rico",2,"504e53ff fb300c4b"
,"flag/PS",OpenTTD default badges,https://github.com/OpenTTD/OpenTTD/pull/13655,2025-02-27,"Palestine",2,"504e53ff fb300c4b"
,"flag/PT",OpenTTD default badges,https://github.com/OpenTTD/OpenTTD/pull/13655,2025-02-27,"Portugal",3,"38424253 504e53ff fb300c4b"
,"flag/PW",OpenTTD default badges,https://github.com/OpenTTD/OpenTTD/pull/13655,2025-02-27,"Palau",2,"504e53ff fb300c4b"
,"flag/PY",OpenTTD default badges,https://github.com/OpenTTD/OpenTTD/pull/13655,2025-02-27,"Paraguay",3,"38424253 504e53ff fb300c4b"
,"flag/QA",OpenTTD default badges,https://github.com/OpenTTD/OpenTTD/pull/13655,2025-02-27,"Qatar",2,"504e53ff fb300c4b"
,"flag/RE",OpenTTD default badges,https://github.com/OpenTTD/OpenTTD/pull/13655,2025-02-27,"Réunion",2,"504e53ff fb300c4b"
,"flag/RO",OpenTTD default badges,https://github.com/OpenTTD/OpenTTD/pull/13655,2025-02-27,"Romania",3,"38424253 504e53ff fb300c4b"
,"flag/RS",OpenTTD default badges,https://github.com/OpenTTD/OpenTTD/pull/13655,2025-02-27,"Serbia",3,"38424253 504e53ff fb300c4b"
,"flag/RU",OpenTTD default badges,https://github.com/OpenTTD/OpenTTD/pull/13655,2025-02-27,"Russia",3,"38424253 504e53ff fb300c4b"
,"flag/RW",OpenTTD default badges,https://github.com/OpenTTD/OpenTTD/pull/13655,2025-02-27,"Rwanda",3,"38424253 504e53ff fb300c4b"
,"flag/SA",OpenTTD default badges,https://github.com/OpenTTD/OpenTTD/pull/13655,2025-02-27,"Saudi Arabia",3,"38424253 504e53ff fb300c4b"
,"flag/SB",OpenTTD default badges,https://github.com/OpenTTD/OpenTTD/pull/13655,2025-02-27,"Solomon Islands",2,"504e53ff fb300c4b"
,"flag/SC",OpenTTD default badges,https://github.com/OpenTTD/OpenTTD/pull/13655,2025-02-27,"Seychelles",2,"504e53ff fb300c4b"
,"flag/SD",OpenTTD default badges,https://github.com/OpenTTD/OpenTTD/pull/13655,2025-02-27,"Sudan",2,"504e53ff fb300c4b"
,"flag/SE",OpenTTD default badges,https://github.com/OpenTTD/OpenTTD/pull/13655,2025-02-27,"Sweden",3,"38424253 504e53ff fb300c4b"
,"flag/SG",OpenTTD default badges,https://github.com/OpenTTD/OpenTTD/pull/13655,2025-02-27,"Singapore",3,"38424253 504e53ff fb300c4b"
,"flag/SH",OpenTTD default badges,https://github.com/OpenTTD/OpenTTD/pull/13655,2025-02-27,"Saint Helena, Ascension and Tristan da Cunha",2,"504e53ff fb300c4b"
,"flag/SI",OpenTTD default badges,https://github.com/OpenTTD/OpenTTD/pull/13655,2025-02-27,"Slovenia",2,"504e53ff fb300c4b"
,"flag/SJ",OpenTTD default badges,https://github.com/OpenTTD/OpenTTD/pull/13655,2025-02-27,"Svalbard and Jan Mayen",2,"504e53ff fb300c4b"
,"flag/SK",OpenTTD default badges,https://github.com/OpenTTD/OpenTTD/pull/13655,2025-02-27,"Slovakia",3,"38424253 504e53ff fb300c4b"
,"flag/SL",OpenTTD default badges,https://github.com/OpenTTD/OpenTTD/pull/13655,2025-02-27,"Sierra Leone",3,"38424253 504e53ff fb300c4b"
,"flag/SM",OpenTTD default badges,https://github.com/OpenTTD/OpenTTD/pull/13655,2025-02-27,"San Marino",3,"38424253 504e53ff fb300c4b"
,"flag/SN",OpenTTD default badges,https://github.com/OpenTTD/OpenTTD/pull/13655,2025-02-27,"Senegal",3,"38424253 504e53ff fb300c4b"
,"flag/SO",OpenTTD default badges,https://github.com/OpenTTD/OpenTTD/pull/13655,2025-02-27,"Somalia",2,"504e53ff fb300c4b"
,"flag/SR",OpenTTD default badges,https://github.com/OpenTTD/OpenTTD/pull/13655,2025-02-27,"Suriname",2,"504e53ff fb300c4b"
,"flag/SS",OpenTTD default badges,https://github.com/OpenTTD/OpenTTD/pull/13655,2025-02-27,"South Sudan",2,"504e53ff fb300c4b"
,"flag/ST",OpenTTD default badges,https://github.com/OpenTTD/OpenTTD/pull/13655,2025-02-27,"Sao Tome and Principe",2,"504e53ff fb300c4b"
,"flag/SV",OpenTTD default badges,https://github.com/OpenTTD/OpenTTD/pull/13655,2025-02-27,"El Salvador",2,"504e53ff fb300c4b"
,"flag/SX",OpenTTD default badges,https://github.com/OpenTTD/OpenTTD/pull/13655,2025-02-27,"Sint Maarten",2,"504e53ff fb300c4b"
,"flag/SY",OpenTTD default badges,https://github.com/OpenTTD/OpenTTD/pull/13655,2025-02-27,"Syrian Arab Republic",2,"504e53ff fb300c4b"
,"flag/SZ",OpenTTD default badges,https://github.com/OpenTTD/OpenTTD/pull/13655,2025-02-27,"Eswatini",2,"504e53ff fb300c4b"
,"flag/TC",OpenTTD default badges,https://github.com/OpenTTD/OpenTTD/pull/13655,2025-02-27,"Turks and Caicos Islands",2,"504e53ff fb300c4b"
,"flag/TD",OpenTTD default badges,https://github.com/OpenTTD/OpenTTD/pull/13655,2025-02-27,"Chad",2,"504e53ff fb300c4b"
,"flag/TF",OpenTTD default badges,https://github.com/OpenTTD/OpenTTD/pull/13655,2025-02-27,"French Southern Territories",2,"504e53ff fb300c4b"
,"flag/TG",OpenTTD default badges,https://github.com/OpenTTD/OpenTTD/pull/13655,2025-02-27,"Togo",3,"38424253 504e53ff fb300c4b"
,"flag/TH",OpenTTD default badges,https://github.com/OpenTTD/OpenTTD/pull/13655,2025-02-27,"Thailand",3,"38424253 504e53ff fb300c4b"
,"flag/TJ",OpenTTD default badges,https://github.com/OpenTTD/OpenTTD/pull/13655,2025-02-27,"Tajikistan",2,"504e53ff fb300c4b"
,"flag/TK",OpenTTD default badges,https://github.com/OpenTTD/OpenTTD/pull/13655,2025-02-27,"Tokelau",2,"504e53ff fb300c4b"
,"flag/TL",OpenTTD default badges,https://github.com/OpenTTD/OpenTTD/pull/13655,2025-02-27,"Timor-Leste",2,"504e53ff fb300c4b"
,"flag/TM",OpenTTD default badges,https://github.com/OpenTTD/OpenTTD/pull/13655,2025-02-27,"Turkmenistan",2,"504e53ff fb300c4b"
,"flag/TN",OpenTTD default badges,https://github.com/OpenTTD/OpenTTD/pull/13655,2025-02-27,"Tunisia",3,"38424253 504e53ff fb300c4b"
,"flag/TO",OpenTTD default badges,https://github.com/OpenTTD/OpenTTD/pull/13655,2025-02-27,"Tonga",2,"504e53ff fb300c4b"
,"flag/TR",OpenTTD default badges,https://github.com/OpenTTD/OpenTTD/pull/13655,2025-02-27,"Türkiye",3,"38424253 504e53ff fb300c4b"
,"flag/TT",OpenTTD default badges,https://github.com/OpenTTD/OpenTTD/pull/13655,2025-02-27,"Trinidad and Tobago",2,"504e53ff fb300c4b"
,"flag/TV",OpenTTD default badges,https://github.com/OpenTTD/OpenTTD/pull/13655,2025-02-27,"Tuvalu",2,"504e53ff fb300c4b"
,"flag/TW",OpenTTD default badges,https://github.com/OpenTTD/OpenTTD/pull/13655,2025-02-27,"Taiwan",3,"38424253 504e53ff fb300c4b"
,"flag/TZ",OpenTTD default badges,https://github.com/OpenTTD/OpenTTD/pull/13655,2025-02-27,"Tanzania",3,"38424253 504e53ff fb300c4b"
,"flag/UA",OpenTTD default badges,https://github.com/OpenTTD/OpenTTD/pull/13655,2025-02-27,"Ukraine",3,"38424253 504e53ff fb300c4b"
,"flag/UG",OpenTTD default badges,https://github.com/OpenTTD/OpenTTD/pull/13655,2025-02-27,"Uganda",3,"38424253 504e53ff fb300c4b"
,"flag/UM",OpenTTD default badges,https://github.com/OpenTTD/OpenTTD/pull/13655,2025-02-27,"United States Minor Outlying Islands",2,"504e53ff fb300c4b"
,"flag/US",OpenTTD default badges,https://github.com/OpenTTD/OpenTTD/pull/13655,2025-02-27,"United States",3,"38424253 504e53ff fb300c4b"
,"flag/UY",OpenTTD default badges,https://github.com/OpenTTD/OpenTTD/pull/13655,2025-02-27,"Uruguay",3,"38424253 504e53ff fb300c4b"
,"flag/UZ",OpenTTD default badges,https://github.com/OpenTTD/OpenTTD/pull/13655,2025-02-27,"Uzbekistan",2,"504e53ff fb300c4b"
,"flag/VA",OpenTTD default badges,https://github.com/OpenTTD/OpenTTD/pull/13655,2025-02-27,"Holy See",2,"504e53ff fb300c4b"
,"flag/VC",OpenTTD default badges,https://github.com/OpenTTD/OpenTTD/pull/13655,2025-02-27,"Saint Vincent and the Grenadines",2,"504e53ff fb300c4b"
,"flag/VE",OpenTTD default badges,https://github.com/OpenTTD/OpenTTD/pull/13655,2025-02-27,"Venezuela",3,"38424253 504e53ff fb300c4b"
,"flag/VG",OpenTTD default badges,https://github.com/OpenTTD/OpenTTD/pull/13655,2025-02-27,"Virgin Islands (British)",2,"504e53ff fb300c4b"
,"flag/VI",OpenTTD default badges,https://github.com/OpenTTD/OpenTTD/pull/13655,2025-02-27,"Virgin Islands (U.S.)",2,"504e53ff fb300c4b"
,"flag/VN",OpenTTD default badges,https://github.com/OpenTTD/OpenTTD/pull/13655,2025-02-27,"Vietnam",3,"38424253 504e53ff fb300c4b"
,"flag/VU",OpenTTD default badges,https://github.com/OpenTTD/OpenTTD/pull/13655,2025-02-27,"Vanuatu",2,"504e53ff fb300c4b"
,"flag/WF",OpenTTD default badges,https://github.com/OpenTTD/OpenTTD/pull/13655,2025-02-27,"Wallis and Futuna",2,"504e53ff fb300c4b"
,"flag/WS",OpenTTD default badges,https://github.com/OpenTTD/OpenTTD/pull/13655,2025-02-27,"Samoa",2,"504e53ff fb300c4b"
,"flag/YE",OpenTTD default badges,https://github.com/OpenTTD/OpenTTD/pull/13655,2025-02-27,"Yemen",2,"504e53ff fb300c4b"
,"flag/YT",OpenTTD default badges,https://github.com/OpenTTD/OpenTTD/pull/13655,2025-02-27,"Mayotte",2,"504e53ff fb300c4b"
,"flag/ZA",OpenTTD default badges,https://github.com/OpenTTD/OpenTTD/pull/13655,2025-02-27,"South Africa",3,"38424253 504e53ff fb300c4b"
,"flag/ZM",OpenTTD default badges,https://github.com/OpenTTD/OpenTTD/pull/13655,2025-02-27,"Zambia",3,"38424253 504e53ff fb300c4b"
,"flag/ZW",OpenTTD default badges,https://github.com/OpenTTD/OpenTTD/pull/13655,2025-02-27,"Zimbabwe",3,"38424253 504e53ff fb300c4b"
,"flag/east_germany",OpenTTD default badges,https://github.com/OpenTTD/OpenTTD/pull/13655,2025-02-27,"East Germany",2,"504e53ff fb300c4b"
,"flag/europe",OpenTTD default badges,https://github.com/OpenTTD/OpenTTD/pull/13655,2025-02-27,"Europe (Mostly used as European Union)",4,"38424253 504e53ff 544d0201 fb300c4b"
,"flag/soviet_union",OpenTTD default badges,https://github.com/OpenTTD/OpenTTD/pull/13655,2025-02-27,"USSR",2,"504e53ff fb300c4b"
,"flag/yugoslavia",OpenTTD default badges,https://github.com/OpenTTD/OpenTTD/pull/13655,2025-02-27,"Yugoslavia",2,"504e53ff fb300c4b"
[ih_behaviour],Label,Introduced by,Hyperlink,When,Comment,Occurrences,Using GRFIDs
,"ih_behaviour/caboose","Iron Horse 4 (Trains)",https://bananas.openttd.org/package/newgrf/43411223,2026-01-04,"No gameplay effect",2,"43411223 fb300c4b"
,"ih_behaviour/driving_cab","Iron Horse 4 (Trains)",https://bananas.openttd.org/package/newgrf/43411223,2026-01-04,"Driving Cab - attach to front or rear of train, with at least one other engine",2,"43411223 fb300c4b"
,"ih_behaviour/lgv_capable","U&ReRMM 3",https://bananas.openttd.org/package/newgrf/55464951,2026-01-02,"High speed capable",3,"43411223 55464951 fb300c4b"
,"ih_behaviour/post_office_car","Iron Horse 4 (Trains)",https://bananas.openttd.org/package/newgrf/43411223,2026-06-20,"Eliminates running costs for all Mail Vans and High Speed Mail Vans in the train",2,"43411223 fb300c4b"
,"ih_behaviour/provides_easter_egg_haulage_speed_bonus","Iron Horse 4 (Trains)",https://bananas.openttd.org/package/newgrf/43411223,2026-01-04,"",1,"43411223"
,"ih_behaviour/random_reverse","Iron Horse 4 (Trains)",https://bananas.openttd.org/package/newgrf/43411223,2026-01-04,"",1,"43411223"
,"ih_behaviour/randomised_wagon","Iron Horse 4 (Trains)",https://bananas.openttd.org/package/newgrf/43411223,2026-01-04,"Randomised choice of wagon",2,"43411223 fb300c4b"
,"ih_behaviour/receives_easter_egg_haulage_speed_bonus","Iron Horse 4 (Trains)",https://bananas.openttd.org/package/newgrf/43411223,2026-01-04,"Express haulable",2,"43411223 fb300c4b"
,"ih_behaviour/restaurant_car","Iron Horse 4 (Trains)",https://bananas.openttd.org/package/newgrf/43411223,2026-01-04,"Eliminates running costs for all Passenger Coaches and High Speed Coaches in the train",2,"43411223 fb300c4b"
,"ih_behaviour/tilt","Iron Horse 4 (Trains)",https://bananas.openttd.org/package/newgrf/43411223,2026-01-04,"Tilts for faster cornering",2,"43411223 fb300c4b"
[ih_gen],Label,Introduced by,Hyperlink,When,Comment,Occurrences,Using GRFIDs
,"ih_gen/1","Iron Horse 4 (Trains)",https://bananas.openttd.org/package/newgrf/43411223,2026-01-04,"1",2,"43411223 fb300c4b"
,"ih_gen/2","Iron Horse 4 (Trains)",https://bananas.openttd.org/package/newgrf/43411223,2026-01-04,"2",2,"43411223 fb300c4b"
,"ih_gen/3","Iron Horse 4 (Trains)",https://bananas.openttd.org/package/newgrf/43411223,2026-01-04,"3",2,"43411223 fb300c4b"
,"ih_gen/4","Iron Horse 4 (Trains)",https://bananas.openttd.org/package/newgrf/43411223,2026-01-04,"4",2,"43411223 fb300c4b"
,"ih_gen/5","Iron Horse 4 (Trains)",https://bananas.openttd.org/package/newgrf/43411223,2026-01-04,"5",2,"43411223 fb300c4b"
,"ih_gen/6","Iron Horse 4 (Trains)",https://bananas.openttd.org/package/newgrf/43411223,2026-01-04,"6",2,"43411223 fb300c4b"
[ih_railtype],Label,Introduced by,Hyperlink,When,Comment,Occurrences,Using GRFIDs
,"ih_railtype/ELRL","Iron Horse 4 (Trains)",https://bananas.openttd.org/package/newgrf/43411223,2026-01-04,"",1,"43411223"
,"ih_railtype/LGVE","Iron Horse 4 (Trains)",https://bananas.openttd.org/package/newgrf/43411223,2026-01-04,"",1,"43411223"
,"ih_railtype/LGVN","Iron Horse 4 (Trains)",https://bananas.openttd.org/package/newgrf/43411223,2026-01-04,"",1,"43411223"
,"ih_railtype/MTRO","Iron Horse 4 (Trains)",https://bananas.openttd.org/package/newgrf/43411223,2026-01-04,"",1,"43411223"
,"ih_railtype/NAAN","Iron Horse 4 (Trains)",https://bananas.openttd.org/package/newgrf/43411223,2026-01-04,"",1,"43411223"
,"ih_railtype/RAIL","Iron Horse 4 (Trains)",https://bananas.openttd.org/package/newgrf/43411223,2026-01-04,"",1,"43411223"
[ih_tech_tree],Label,Introduced by,Hyperlink,When,Comment,Occurrences,Using GRFIDs
,"ih_tech_tree/intro_date_months_offset/0","Iron Horse 4 (Trains)",https://bananas.openttd.org/package/newgrf/43411223,2026-01-04,"",1,"43411223"
,"ih_tech_tree/intro_date_months_offset/1","Iron Horse 4 (Trains)",https://bananas.openttd.org/package/newgrf/43411223,2026-01-04,"",1,"43411223"
,"ih_tech_tree/intro_date_months_offset/10","Iron Horse 4 (Trains)",https://bananas.openttd.org/package/newgrf/43411223,2026-01-04,"",1,"43411223"
,"ih_tech_tree/intro_date_months_offset/11","Iron Horse 4 (Trains)",https://bananas.openttd.org/package/newgrf/43411223,2026-01-04,"",1,"43411223"
,"ih_tech_tree/intro_date_months_offset/2","Iron Horse 4 (Trains)",https://bananas.openttd.org/package/newgrf/43411223,2026-01-04,"",1,"43411223"
,"ih_tech_tree/intro_date_months_offset/3","Iron Horse 4 (Trains)",https://bananas.openttd.org/package/newgrf/43411223,2026-01-04,"",1,"43411223"
,"ih_tech_tree/intro_date_months_offset/4","Iron Horse 4 (Trains)",https://bananas.openttd.org/package/newgrf/43411223,2026-01-04,"",1,"43411223"
,"ih_tech_tree/intro_date_months_offset/5","Iron Horse 4 (Trains)",https://bananas.openttd.org/package/newgrf/43411223,2026-01-04,"",1,"43411223"
,"ih_tech_tree/intro_date_months_offset/6","Iron Horse 4 (Trains)",https://bananas.openttd.org/package/newgrf/43411223,2026-01-04,"",1,"43411223"
,"ih_tech_tree/intro_date_months_offset/7","Iron Horse 4 (Trains)",https://bananas.openttd.org/package/newgrf/43411223,2026-01-04,"",1,"43411223"
,"ih_tech_tree/intro_date_months_offset/8","Iron Horse 4 (Trains)",https://bananas.openttd.org/package/newgrf/43411223,2026-01-04,"",1,"43411223"
,"ih_tech_tree/intro_date_months_offset/9","Iron Horse 4 (Trains)",https://bananas.openttd.org/package/newgrf/43411223,2026-01-04,"",1,"43411223"
,"ih_tech_tree/intro_year/1860","Iron Horse 4 (Trains)",https://bananas.openttd.org/package/newgrf/43411223,2026-01-04,"",1,"43411223"
,"ih_tech_tree/intro_year/1862","Iron Horse 4 (Trains)",https://bananas.openttd.org/package/newgrf/43411223,2026-01-04,"",1,"43411223"
,"ih_tech_tree/intro_year/1875","Iron Horse 4 (Trains)",https://bananas.openttd.org/package/newgrf/43411223,2026-01-04,"",1,"43411223"
,"ih_tech_tree/intro_year/1880","Iron Horse 4 (Trains)",https://bananas.openttd.org/package/newgrf/43411223,2026-01-04,"",1,"43411223"
,"ih_tech_tree/intro_year/1895","Iron Horse 4 (Trains)",https://bananas.openttd.org/package/newgrf/43411223,2026-01-04,"",1,"43411223"
,"ih_tech_tree/intro_year/1897","Iron Horse 4 (Trains)",https://bananas.openttd.org/package/newgrf/43411223,2026-01-04,"",1,"43411223"
,"ih_tech_tree/intro_year/1900","Iron Horse 4 (Trains)",https://bananas.openttd.org/package/newgrf/43411223,2026-01-04,"",1,"43411223"
,"ih_tech_tree/intro_year/1901","Iron Horse 4 (Trains)",https://bananas.openttd.org/package/newgrf/43411223,2026-01-04,"",1,"43411223"
,"ih_tech_tree/intro_year/1903","Iron Horse 4 (Trains)",https://bananas.openttd.org/package/newgrf/43411223,2026-01-04,"",1,"43411223"
,"ih_tech_tree/intro_year/1905","Iron Horse 4 (Trains)",https://bananas.openttd.org/package/newgrf/43411223,2026-01-04,"",1,"43411223"
,"ih_tech_tree/intro_year/1906","Iron Horse 4 (Trains)",https://bananas.openttd.org/package/newgrf/43411223,2026-01-04,"",1,"43411223"
,"ih_tech_tree/intro_year/1907","Iron Horse 4 (Trains)",https://bananas.openttd.org/package/newgrf/43411223,2026-01-04,"",1,"43411223"
,"ih_tech_tree/intro_year/1910","Iron Horse 4 (Trains)",https://bananas.openttd.org/package/newgrf/43411223,2026-01-04,"",1,"43411223"
,"ih_tech_tree/intro_year/1915","Iron Horse 4 (Trains)",https://bananas.openttd.org/package/newgrf/43411223,2026-01-04,"",1,"43411223"
,"ih_tech_tree/intro_year/1917","Iron Horse 4 (Trains)",https://bananas.openttd.org/package/newgrf/43411223,2026-01-04,"",1,"43411223"
,"ih_tech_tree/intro_year/1922","Iron Horse 4 (Trains)",https://bananas.openttd.org/package/newgrf/43411223,2026-01-04,"",1,"43411223"
,"ih_tech_tree/intro_year/1925","Iron Horse 4 (Trains)",https://bananas.openttd.org/package/newgrf/43411223,2026-01-04,"",1,"43411223"
,"ih_tech_tree/intro_year/1927","Iron Horse 4 (Trains)",https://bananas.openttd.org/package/newgrf/43411223,2026-01-04,"",1,"43411223"
,"ih_tech_tree/intro_year/1930","Iron Horse 4 (Trains)",https://bananas.openttd.org/package/newgrf/43411223,2026-01-04,"",1,"43411223"
,"ih_tech_tree/intro_year/1932","Iron Horse 4 (Trains)",https://bananas.openttd.org/package/newgrf/43411223,2026-01-04,"",1,"43411223"
,"ih_tech_tree/intro_year/1934","Iron Horse 4 (Trains)",https://bananas.openttd.org/package/newgrf/43411223,2026-01-04,"",1,"43411223"
,"ih_tech_tree/intro_year/1935","Iron Horse 4 (Trains)",https://bananas.openttd.org/package/newgrf/43411223,2026-01-04,"",1,"43411223"
,"ih_tech_tree/intro_year/1938","Iron Horse 4 (Trains)",https://bananas.openttd.org/package/newgrf/43411223,2026-01-04,"",1,"43411223"
,"ih_tech_tree/intro_year/1947","Iron Horse 4 (Trains)",https://bananas.openttd.org/package/newgrf/43411223,2026-01-04,"",1,"43411223"
,"ih_tech_tree/intro_year/1950","Iron Horse 4 (Trains)",https://bananas.openttd.org/package/newgrf/43411223,2026-01-04,"",1,"43411223"
,"ih_tech_tree/intro_year/1951","Iron Horse 4 (Trains)",https://bananas.openttd.org/package/newgrf/43411223,2026-01-04,"",1,"43411223"
,"ih_tech_tree/intro_year/1954","Iron Horse 4 (Trains)",https://bananas.openttd.org/package/newgrf/43411223,2026-01-04,"",1,"43411223"
,"ih_tech_tree/intro_year/1955","Iron Horse 4 (Trains)",https://bananas.openttd.org/package/newgrf/43411223,2026-01-04,"",1,"43411223"
,"ih_tech_tree/intro_year/1956","Iron Horse 4 (Trains)",https://bananas.openttd.org/package/newgrf/43411223,2026-01-04,"",1,"43411223"
,"ih_tech_tree/intro_year/1957","Iron Horse 4 (Trains)",https://bananas.openttd.org/package/newgrf/43411223,2026-01-04,"",1,"43411223"
,"ih_tech_tree/intro_year/1958","Iron Horse 4 (Trains)",https://bananas.openttd.org/package/newgrf/43411223,2026-01-04,"",1,"43411223"
,"ih_tech_tree/intro_year/1959","Iron Horse 4 (Trains)",https://bananas.openttd.org/package/newgrf/43411223,2026-01-04,"",1,"43411223"
,"ih_tech_tree/intro_year/1960","Iron Horse 4 (Trains)",https://bananas.openttd.org/package/newgrf/43411223,2026-01-04,"",1,"43411223"
,"ih_tech_tree/intro_year/1961","Iron Horse 4 (Trains)",https://bananas.openttd.org/package/newgrf/43411223,2026-01-04,"",1,"43411223"
,"ih_tech_tree/intro_year/1962","Iron Horse 4 (Trains)",https://bananas.openttd.org/package/newgrf/43411223,2026-01-04,"",1,"43411223"
,"ih_tech_tree/intro_year/1963","Iron Horse 4 (Trains)",https://bananas.openttd.org/package/newgrf/43411223,2026-01-04,"",1,"43411223"
,"ih_tech_tree/intro_year/1964","Iron Horse 4 (Trains)",https://bananas.openttd.org/package/newgrf/43411223,2026-01-04,"",1,"43411223"
,"ih_tech_tree/intro_year/1965","Iron Horse 4 (Trains)",https://bananas.openttd.org/package/newgrf/43411223,2026-01-04,"",1,"43411223"
,"ih_tech_tree/intro_year/1966","Iron Horse 4 (Trains)",https://bananas.openttd.org/package/newgrf/43411223,2026-01-04,"",1,"43411223"
,"ih_tech_tree/intro_year/1967","Iron Horse 4 (Trains)",https://bananas.openttd.org/package/newgrf/43411223,2026-01-04,"",1,"43411223"
,"ih_tech_tree/intro_year/1971","Iron Horse 4 (Trains)",https://bananas.openttd.org/package/newgrf/43411223,2026-01-04,"",1,"43411223"
,"ih_tech_tree/intro_year/1972","Iron Horse 4 (Trains)",https://bananas.openttd.org/package/newgrf/43411223,2026-01-04,"",1,"43411223"
,"ih_tech_tree/intro_year/1976","Iron Horse 4 (Trains)",https://bananas.openttd.org/package/newgrf/43411223,2026-01-04,"",1,"43411223"
,"ih_tech_tree/intro_year/1977","Iron Horse 4 (Trains)",https://bananas.openttd.org/package/newgrf/43411223,2026-01-04,"",1,"43411223"
,"ih_tech_tree/intro_year/1980","Iron Horse 4 (Trains)",https://bananas.openttd.org/package/newgrf/43411223,2026-01-04,"",1,"43411223"
,"ih_tech_tree/intro_year/1982","Iron Horse 4 (Trains)",https://bananas.openttd.org/package/newgrf/43411223,2026-01-04,"",1,"43411223"
,"ih_tech_tree/intro_year/1985","Iron Horse 4 (Trains)",https://bananas.openttd.org/package/newgrf/43411223,2026-01-04,"",1,"43411223"
,"ih_tech_tree/intro_year/1986","Iron Horse 4 (Trains)",https://bananas.openttd.org/package/newgrf/43411223,2026-01-04,"",1,"43411223"
,"ih_tech_tree/intro_year/1987","Iron Horse 4 (Trains)",https://bananas.openttd.org/package/newgrf/43411223,2026-01-04,"",1,"43411223"
,"ih_tech_tree/intro_year/1988","Iron Horse 4 (Trains)",https://bananas.openttd.org/package/newgrf/43411223,2026-01-04,"",1,"43411223"
,"ih_tech_tree/intro_year/1990","Iron Horse 4 (Trains)",https://bananas.openttd.org/package/newgrf/43411223,2026-01-04,"",1,"43411223"
,"ih_tech_tree/intro_year/1991","Iron Horse 4 (Trains)",https://bananas.openttd.org/package/newgrf/43411223,2026-01-04,"",1,"43411223"
,"ih_tech_tree/intro_year/1992","Iron Horse 4 (Trains)",https://bananas.openttd.org/package/newgrf/43411223,2026-01-04,"",1,"43411223"
,"ih_tech_tree/intro_year/1993","Iron Horse 4 (Trains)",https://bananas.openttd.org/package/newgrf/43411223,2026-01-04,"",1,"43411223"
,"ih_tech_tree/intro_year/1994","Iron Horse 4 (Trains)",https://bananas.openttd.org/package/newgrf/43411223,2026-01-04,"",1,"43411223"
,"ih_tech_tree/intro_year/1995","Iron Horse 4 (Trains)",https://bananas.openttd.org/package/newgrf/43411223,2026-01-04,"",1,"43411223"
,"ih_tech_tree/intro_year/1996","Iron Horse 4 (Trains)",https://bananas.openttd.org/package/newgrf/43411223,2026-01-04,"",1,"43411223"
,"ih_tech_tree/intro_year/1997","Iron Horse 4 (Trains)",https://bananas.openttd.org/package/newgrf/43411223,2026-01-04,"",1,"43411223"
,"ih_tech_tree/intro_year/1999","Iron Horse 4 (Trains)",https://bananas.openttd.org/package/newgrf/43411223,2026-01-04,"",1,"43411223"
,"ih_tech_tree/intro_year/2000","Iron Horse 4 (Trains)",https://bananas.openttd.org/package/newgrf/43411223,2026-01-04,"",1,"43411223"
,"ih_tech_tree/intro_year/2001","Iron Horse 4 (Trains)",https://bananas.openttd.org/package/newgrf/43411223,2026-01-04,"",1,"43411223"
,"ih_tech_tree/intro_year/2002","Iron Horse 4 (Trains)",https://bananas.openttd.org/package/newgrf/43411223,2026-02-01,"",1,"43411223"
,"ih_tech_tree/intro_year/2005","Iron Horse 4 (Trains)",https://bananas.openttd.org/package/newgrf/43411223,2026-01-04,"",1,"43411223"
,"ih_tech_tree/intro_year/2006","Iron Horse 4 (Trains)",https://bananas.openttd.org/package/newgrf/43411223,2026-01-04,"",1,"43411223"
,"ih_tech_tree/intro_year/2010","Iron Horse 4 (Trains)",https://bananas.openttd.org/package/newgrf/43411223,2026-01-04,"",1,"43411223"
,"ih_tech_tree/intro_year/2011","Iron Horse 4 (Trains)",https://bananas.openttd.org/package/newgrf/43411223,2026-01-04,"",1,"43411223"
,"ih_tech_tree/intro_year/2013","Iron Horse 4 (Trains)",https://bananas.openttd.org/package/newgrf/43411223,2026-03-07,"",1,"43411223"
,"ih_tech_tree/intro_year/2014","Iron Horse 4 (Trains)",https://bananas.openttd.org/package/newgrf/43411223,2026-01-04,"",1,"43411223"
,"ih_tech_tree/intro_year/2016","Iron Horse 4 (Trains)",https://bananas.openttd.org/package/newgrf/43411223,2026-01-04,"",1,"43411223"
,"ih_tech_tree/intro_year/2018","Iron Horse 4 (Trains)",https://bananas.openttd.org/package/newgrf/43411223,2026-01-04,"",1,"43411223"
,"ih_tech_tree/intro_year/2020","Iron Horse 4 (Trains)",https://bananas.openttd.org/package/newgrf/43411223,2026-01-04,"",1,"43411223"
,"ih_tech_tree/intro_year/2022","Iron Horse 4 (Trains)",https://bananas.openttd.org/package/newgrf/43411223,2026-01-04,"",1,"43411223"
,"ih_tech_tree/joker/False","Iron Horse 4 (Trains)",https://bananas.openttd.org/package/newgrf/43411223,2026-01-04,"",1,"43411223"
,"ih_tech_tree/joker/True","Iron Horse 4 (Trains)",https://bananas.openttd.org/package/newgrf/43411223,2026-01-04,"",1,"43411223"
,"ih_tech_tree/replacement/ih_vehicle_family/angerstein","Iron Horse 4 (Trains)",https://bananas.openttd.org/package/newgrf/43411223,2026-01-04,"",1,"43411223"
,"ih_tech_tree/replacement/ih_vehicle_family/argus","Iron Horse 4 (Trains)",https://bananas.openttd.org/package/newgrf/43411223,2026-01-04,"",1,"43411223"
,"ih_tech_tree/replacement/ih_vehicle_family/bankside","Iron Horse 4 (Trains)",https://bananas.openttd.org/package/newgrf/43411223,2026-01-04,"",1,"43411223"
,"ih_tech_tree/replacement/ih_vehicle_family/blaze","Iron Horse 4 (Trains)",https://bananas.openttd.org/package/newgrf/43411223,2026-01-04,"",1,"43411223"
,"ih_tech_tree/replacement/ih_vehicle_family/boar_cat","Iron Horse 4 (Trains)",https://bananas.openttd.org/package/newgrf/43411223,2026-01-04,"",1,"43411223"
,"ih_tech_tree/replacement/ih_vehicle_family/bone","Iron Horse 4 (Trains)",https://bananas.openttd.org/package/newgrf/43411223,2026-01-04,"",1,"43411223"
,"ih_tech_tree/replacement/ih_vehicle_family/booster","Iron Horse 4 (Trains)",https://bananas.openttd.org/package/newgrf/43411223,2026-01-04,"",1,"43411223"
,"ih_tech_tree/replacement/ih_vehicle_family/borax","Iron Horse 4 (Trains)",https://bananas.openttd.org/package/newgrf/43411223,2026-01-04,"",1,"43411223"
,"ih_tech_tree/replacement/ih_vehicle_family/braf","Iron Horse 4 (Trains)",https://bananas.openttd.org/package/newgrf/43411223,2026-01-04,"",1,"43411223"
,"ih_tech_tree/replacement/ih_vehicle_family/breeze","Iron Horse 4 (Trains)",https://bananas.openttd.org/package/newgrf/43411223,2026-01-04,"",1,"43411223"
,"ih_tech_tree/replacement/ih_vehicle_family/canary","Iron Horse 4 (Trains)",https://bananas.openttd.org/package/newgrf/43411223,2026-01-04,"",1,"43411223"
,"ih_tech_tree/replacement/ih_vehicle_family/captain_steel","Iron Horse 4 (Trains)",https://bananas.openttd.org/package/newgrf/43411223,2026-01-04,"",1,"43411223"
,"ih_tech_tree/replacement/ih_vehicle_family/carrack","Iron Horse 4 (Trains)",https://bananas.openttd.org/package/newgrf/43411223,2026-01-04,"",1,"43411223"
,"ih_tech_tree/replacement/ih_vehicle_family/centaur","Iron Horse 4 (Trains)",https://bananas.openttd.org/package/newgrf/43411223,2026-01-04,"",1,"43411223"
,"ih_tech_tree/replacement/ih_vehicle_family/cheddar_valley","Iron Horse 4 (Trains)",https://bananas.openttd.org/package/newgrf/43411223,2026-01-04,"",1,"43411223"
,"ih_tech_tree/replacement/ih_vehicle_family/chinook","Iron Horse 4 (Trains)",https://bananas.openttd.org/package/newgrf/43411223,2026-01-04,"",1,"43411223"
,"ih_tech_tree/replacement/ih_vehicle_family/chuggypig","Iron Horse 4 (Trains)",https://bananas.openttd.org/package/newgrf/43411223,2026-01-04,"",1,"43411223"
,"ih_tech_tree/replacement/ih_vehicle_family/clipper","Iron Horse 4 (Trains)",https://bananas.openttd.org/package/newgrf/43411223,2026-01-04,"",1,"43411223"
,"ih_tech_tree/replacement/ih_vehicle_family/constance","Iron Horse 4 (Trains)",https://bananas.openttd.org/package/newgrf/43411223,2026-01-04,"",1,"43411223"
,"ih_tech_tree/replacement/ih_vehicle_family/cringle","Iron Horse 4 (Trains)",https://bananas.openttd.org/package/newgrf/43411223,2026-01-04,"",1,"43411223"
,"ih_tech_tree/replacement/ih_vehicle_family/cyclone","Iron Horse 4 (Trains)",https://bananas.openttd.org/package/newgrf/43411223,2026-01-04,"",1,"43411223"
,"ih_tech_tree/replacement/ih_vehicle_family/daring","Iron Horse 4 (Trains)",https://bananas.openttd.org/package/newgrf/43411223,2026-01-04,"",1,"43411223"
,"ih_tech_tree/replacement/ih_vehicle_family/defiant","Iron Horse 4 (Trains)",https://bananas.openttd.org/package/newgrf/43411223,2026-01-04,"",1,"43411223"
,"ih_tech_tree/replacement/ih_vehicle_family/diablo","Iron Horse 4 (Trains)",https://bananas.openttd.org/package/newgrf/43411223,2026-01-04,"",1,"43411223"
,"ih_tech_tree/replacement/ih_vehicle_family/doineann","Iron Horse 4 (Trains)",https://bananas.openttd.org/package/newgrf/43411223,2026-01-04,"",1,"43411223"
,"ih_tech_tree/replacement/ih_vehicle_family/doubletide","Iron Horse 4 (Trains)",https://bananas.openttd.org/package/newgrf/43411223,2026-01-04,"",1,"43411223"
,"ih_tech_tree/replacement/ih_vehicle_family/dover","Iron Horse 4 (Trains)",https://bananas.openttd.org/package/newgrf/43411223,2026-01-04,"",1,"43411223"
,"ih_tech_tree/replacement/ih_vehicle_family/dragon","Iron Horse 4 (Trains)",https://bananas.openttd.org/package/newgrf/43411223,2026-01-04,"",1,"43411223"
,"ih_tech_tree/replacement/ih_vehicle_family/dreadnought","Iron Horse 4 (Trains)",https://bananas.openttd.org/package/newgrf/43411223,2026-01-04,"",1,"43411223"
,"ih_tech_tree/replacement/ih_vehicle_family/driving_cab_passenger_pony_gen_5","Iron Horse 4 (Trains)",https://bananas.openttd.org/package/newgrf/43411223,2026-01-04,"",1,"43411223"
,"ih_tech_tree/replacement/ih_vehicle_family/eastern","Iron Horse 4 (Trains)",https://bananas.openttd.org/package/newgrf/43411223,2026-01-04,"",1,"43411223"
,"ih_tech_tree/replacement/ih_vehicle_family/esk","Iron Horse 4 (Trains)",https://bananas.openttd.org/package/newgrf/43411223,2026-01-04,"",1,"43411223"
,"ih_tech_tree/replacement/ih_vehicle_family/falcon","Iron Horse 4 (Trains)",https://bananas.openttd.org/package/newgrf/43411223,2026-01-04,"",1,"43411223"
,"ih_tech_tree/replacement/ih_vehicle_family/flanders_storm","Iron Horse 4 (Trains)",https://bananas.openttd.org/package/newgrf/43411223,2026-01-04,"",1,"43411223"
,"ih_tech_tree/replacement/ih_vehicle_family/fleet","Iron Horse 4 (Trains)",https://bananas.openttd.org/package/newgrf/43411223,2026-01-04,"",1,"43411223"
,"ih_tech_tree/replacement/ih_vehicle_family/foxhound","Iron Horse 4 (Trains)",https://bananas.openttd.org/package/newgrf/43411223,2026-01-04,"",1,"43411223"
,"ih_tech_tree/replacement/ih_vehicle_family/fury","Iron Horse 4 (Trains)",https://bananas.openttd.org/package/newgrf/43411223,2026-01-04,"",1,"43411223"
,"ih_tech_tree/replacement/ih_vehicle_family/gargouille","Iron Horse 4 (Trains)",https://bananas.openttd.org/package/newgrf/43411223,2026-01-04,"",1,"43411223"
,"ih_tech_tree/replacement/ih_vehicle_family/general_endeavour","Iron Horse 4 (Trains)",https://bananas.openttd.org/package/newgrf/43411223,2026-01-04,"",1,"43411223"
,"ih_tech_tree/replacement/ih_vehicle_family/geronimo","Iron Horse 4 (Trains)",https://bananas.openttd.org/package/newgrf/43411223,2026-01-04,"",1,"43411223"
,"ih_tech_tree/replacement/ih_vehicle_family/goliath","Iron Horse 4 (Trains)",https://bananas.openttd.org/package/newgrf/43411223,2026-01-04,"",1,"43411223"
,"ih_tech_tree/replacement/ih_vehicle_family/grid","Iron Horse 4 (Trains)",https://bananas.openttd.org/package/newgrf/43411223,2026-01-04,"",1,"43411223"
,"ih_tech_tree/replacement/ih_vehicle_family/griffon","Iron Horse 4 (Trains)",https://bananas.openttd.org/package/newgrf/43411223,2026-01-04,"",1,"43411223"
,"ih_tech_tree/replacement/ih_vehicle_family/gronk","Iron Horse 4 (Trains)",https://bananas.openttd.org/package/newgrf/43411223,2026-01-04,"",1,"43411223"
,"ih_tech_tree/replacement/ih_vehicle_family/growler","Iron Horse 4 (Trains)",https://bananas.openttd.org/package/newgrf/43411223,2026-01-04,"",1,"43411223"
,"ih_tech_tree/replacement/ih_vehicle_family/haar","Iron Horse 4 (Trains)",https://bananas.openttd.org/package/newgrf/43411223,2026-01-04,"",1,"43411223"
,"ih_tech_tree/replacement/ih_vehicle_family/hammersmith","Iron Horse 4 (Trains)",https://bananas.openttd.org/package/newgrf/43411223,2026-01-04,"",1,"43411223"
,"ih_tech_tree/replacement/ih_vehicle_family/highlander","Iron Horse 4 (Trains)",https://bananas.openttd.org/package/newgrf/43411223,2026-01-04,"",1,"43411223"
,"ih_tech_tree/replacement/ih_vehicle_family/hinterland","Iron Horse 4 (Trains)",https://bananas.openttd.org/package/newgrf/43411223,2026-01-04,"",1,"43411223"
,"ih_tech_tree/replacement/ih_vehicle_family/intrepid","Iron Horse 4 (Trains)",https://bananas.openttd.org/package/newgrf/43411223,2026-01-04,"",1,"43411223"
,"ih_tech_tree/replacement/ih_vehicle_family/jupiter","Iron Horse 4 (Trains)",https://bananas.openttd.org/package/newgrf/43411223,2026-01-04,"",1,"43411223"
,"ih_tech_tree/replacement/ih_vehicle_family/keen","Iron Horse 4 (Trains)",https://bananas.openttd.org/package/newgrf/43411223,2026-01-04,"",1,"43411223"
,"ih_tech_tree/replacement/ih_vehicle_family/kelpie","Iron Horse 4 (Trains)",https://bananas.openttd.org/package/newgrf/43411223,2026-01-04,"",1,"43411223"
,"ih_tech_tree/replacement/ih_vehicle_family/lemon","Iron Horse 4 (Trains)",https://bananas.openttd.org/package/newgrf/43411223,2026-01-04,"",1,"43411223"
,"ih_tech_tree/replacement/ih_vehicle_family/little_bear","Iron Horse 4 (Trains)",https://bananas.openttd.org/package/newgrf/43411223,2026-01-04,"",1,"43411223"
,"ih_tech_tree/replacement/ih_vehicle_family/lynx","Iron Horse 4 (Trains)",https://bananas.openttd.org/package/newgrf/43411223,2026-01-04,"",1,"43411223"
,"ih_tech_tree/replacement/ih_vehicle_family/maelstrom","Iron Horse 4 (Trains)",https://bananas.openttd.org/package/newgrf/43411223,2026-01-04,"",1,"43411223"
,"ih_tech_tree/replacement/ih_vehicle_family/merlion","Iron Horse 4 (Trains)",https://bananas.openttd.org/package/newgrf/43411223,2026-01-04,"",1,"43411223"
,"ih_tech_tree/replacement/ih_vehicle_family/merrylegs","Iron Horse 4 (Trains)",https://bananas.openttd.org/package/newgrf/43411223,2026-01-04,"",1,"43411223"
,"ih_tech_tree/replacement/ih_vehicle_family/moor_gallop","Iron Horse 4 (Trains)",https://bananas.openttd.org/package/newgrf/43411223,2026-01-04,"",1,"43411223"
,"ih_tech_tree/replacement/ih_vehicle_family/mulberry","Iron Horse 4 (Trains)",https://bananas.openttd.org/package/newgrf/43411223,2026-01-04,"",1,"43411223"
,"ih_tech_tree/replacement/ih_vehicle_family/olympic","Iron Horse 4 (Trains)",https://bananas.openttd.org/package/newgrf/43411223,2026-01-04,"",1,"43411223"
,"ih_tech_tree/replacement/ih_vehicle_family/onslaught","Iron Horse 4 (Trains)",https://bananas.openttd.org/package/newgrf/43411223,2026-01-04,"",1,"43411223"
,"ih_tech_tree/replacement/ih_vehicle_family/peasweep","Iron Horse 4 (Trains)",https://bananas.openttd.org/package/newgrf/43411223,2026-01-04,"",1,"43411223"
,"ih_tech_tree/replacement/ih_vehicle_family/phoenix","Iron Horse 4 (Trains)",https://bananas.openttd.org/package/newgrf/43411223,2026-01-04,"",1,"43411223"
,"ih_tech_tree/replacement/ih_vehicle_family/pikel","Iron Horse 4 (Trains)",https://bananas.openttd.org/package/newgrf/43411223,2026-01-04,"",1,"43411223"
,"ih_tech_tree/replacement/ih_vehicle_family/plastic_postbox","Iron Horse 4 (Trains)",https://bananas.openttd.org/package/newgrf/43411223,2026-01-04,"",1,"43411223"
,"ih_tech_tree/replacement/ih_vehicle_family/progress","Iron Horse 4 (Trains)",https://bananas.openttd.org/package/newgrf/43411223,2026-01-04,"",1,"43411223"
,"ih_tech_tree/replacement/ih_vehicle_family/proper_job","Iron Horse 4 (Trains)",https://bananas.openttd.org/package/newgrf/43411223,2026-01-04,"",1,"43411223"
,"ih_tech_tree/replacement/ih_vehicle_family/rapid","Iron Horse 4 (Trains)",https://bananas.openttd.org/package/newgrf/43411223,2026-01-04,"",1,"43411223"
,"ih_tech_tree/replacement/ih_vehicle_family/rat","Iron Horse 4 (Trains)",https://bananas.openttd.org/package/newgrf/43411223,2026-01-04,"",1,"43411223"
,"ih_tech_tree/replacement/ih_vehicle_family/resilient","Iron Horse 4 (Trains)",https://bananas.openttd.org/package/newgrf/43411223,2026-01-04,"",1,"43411223"
,"ih_tech_tree/replacement/ih_vehicle_family/revolution","Iron Horse 4 (Trains)",https://bananas.openttd.org/package/newgrf/43411223,2026-01-04,"",1,"43411223"
,"ih_tech_tree/replacement/ih_vehicle_family/rockhampton","Iron Horse 4 (Trains)",https://bananas.openttd.org/package/newgrf/43411223,2026-01-04,"",1,"43411223"
,"ih_tech_tree/replacement/ih_vehicle_family/ruby","Iron Horse 4 (Trains)",https://bananas.openttd.org/package/newgrf/43411223,2026-01-04,"",1,"43411223"
,"ih_tech_tree/replacement/ih_vehicle_family/saxon","Iron Horse 4 (Trains)",https://bananas.openttd.org/package/newgrf/43411223,2026-01-04,"",1,"43411223"
,"ih_tech_tree/replacement/ih_vehicle_family/scooby","Iron Horse 4 (Trains)",https://bananas.openttd.org/package/newgrf/43411223,2026-01-04,"",1,"43411223"
,"ih_tech_tree/replacement/ih_vehicle_family/screamer","Iron Horse 4 (Trains)",https://bananas.openttd.org/package/newgrf/43411223,2026-01-04,"",1,"43411223"
,"ih_tech_tree/replacement/ih_vehicle_family/shredder","Iron Horse 4 (Trains)",https://bananas.openttd.org/package/newgrf/43411223,2026-01-04,"",1,"43411223"
,"ih_tech_tree/replacement/ih_vehicle_family/skipper","Iron Horse 4 (Trains)",https://bananas.openttd.org/package/newgrf/43411223,2026-01-04,"",1,"43411223"
,"ih_tech_tree/replacement/ih_vehicle_family/slammer","Iron Horse 4 (Trains)",https://bananas.openttd.org/package/newgrf/43411223,2026-01-04,"",1,"43411223"
,"ih_tech_tree/replacement/ih_vehicle_family/smizzle","Iron Horse 4 (Trains)",https://bananas.openttd.org/package/newgrf/43411223,2026-01-04,"",1,"43411223"
,"ih_tech_tree/replacement/ih_vehicle_family/snapper","Iron Horse 4 (Trains)",https://bananas.openttd.org/package/newgrf/43411223,2026-01-04,"",1,"43411223"
,"ih_tech_tree/replacement/ih_vehicle_family/solano","Iron Horse 4 (Trains)",https://bananas.openttd.org/package/newgrf/43411223,2026-01-04,"",1,"43411223"
,"ih_tech_tree/replacement/ih_vehicle_family/stag","Iron Horse 4 (Trains)",https://bananas.openttd.org/package/newgrf/43411223,2026-01-04,"",1,"43411223"
,"ih_tech_tree/replacement/ih_vehicle_family/stalwart","Iron Horse 4 (Trains)",https://bananas.openttd.org/package/newgrf/43411223,2026-01-04,"",1,"43411223"
,"ih_tech_tree/replacement/ih_vehicle_family/stentor","Iron Horse 4 (Trains)",https://bananas.openttd.org/package/newgrf/43411223,2026-01-04,"",1,"43411223"
,"ih_tech_tree/replacement/ih_vehicle_family/strongbow","Iron Horse 4 (Trains)",https://bananas.openttd.org/package/newgrf/43411223,2026-01-04,"",1,"43411223"
,"ih_tech_tree/replacement/ih_vehicle_family/sunshine_coast","Iron Horse 4 (Trains)",https://bananas.openttd.org/package/newgrf/43411223,2026-01-04,"",1,"43411223"
,"ih_tech_tree/replacement/ih_vehicle_family/tenacious","Iron Horse 4 (Trains)",https://bananas.openttd.org/package/newgrf/43411223,2026-01-04,"",1,"43411223"
,"ih_tech_tree/replacement/ih_vehicle_family/tencendur","Iron Horse 4 (Trains)",https://bananas.openttd.org/package/newgrf/43411223,2026-01-04,"",1,"43411223"
,"ih_tech_tree/replacement/ih_vehicle_family/tideway","Iron Horse 4 (Trains)",https://bananas.openttd.org/package/newgrf/43411223,2026-01-04,"",1,"43411223"
,"ih_tech_tree/replacement/ih_vehicle_family/tin_rocket","Iron Horse 4 (Trains)",https://bananas.openttd.org/package/newgrf/43411223,2026-01-04,"",1,"43411223"
,"ih_tech_tree/replacement/ih_vehicle_family/tincans","Iron Horse 4 (Trains)",https://bananas.openttd.org/package/newgrf/43411223,2026-01-04,"",1,"43411223"
,"ih_tech_tree/replacement/ih_vehicle_family/toaster","Iron Horse 4 (Trains)",https://bananas.openttd.org/package/newgrf/43411223,2026-01-04,"",1,"43411223"
,"ih_tech_tree/replacement/ih_vehicle_family/tornado","Iron Horse 4 (Trains)",https://bananas.openttd.org/package/newgrf/43411223,2026-01-04,"",1,"43411223"
,"ih_tech_tree/replacement/ih_vehicle_family/trojan","Iron Horse 4 (Trains)",https://bananas.openttd.org/package/newgrf/43411223,2026-01-04,"",1,"43411223"
,"ih_tech_tree/replacement/ih_vehicle_family/turbulent","Iron Horse 4 (Trains)",https://bananas.openttd.org/package/newgrf/43411223,2026-01-04,"",1,"43411223"
,"ih_tech_tree/replacement/ih_vehicle_family/tyburn","Iron Horse 4 (Trains)",https://bananas.openttd.org/package/newgrf/43411223,2026-01-04,"",1,"43411223"
,"ih_tech_tree/replacement/ih_vehicle_family/typhoon","Iron Horse 4 (Trains)",https://bananas.openttd.org/package/newgrf/43411223,2026-01-04,"",1,"43411223"
,"ih_tech_tree/replacement/ih_vehicle_family/ultra_shoebox","Iron Horse 4 (Trains)",https://bananas.openttd.org/package/newgrf/43411223,2026-01-04,"",1,"43411223"
,"ih_tech_tree/replacement/ih_vehicle_family/viking","Iron Horse 4 (Trains)",https://bananas.openttd.org/package/newgrf/43411223,2026-01-04,"",1,"43411223"
,"ih_tech_tree/replacement/ih_vehicle_family/vulcan","Iron Horse 4 (Trains)",https://bananas.openttd.org/package/newgrf/43411223,2026-01-04,"",1,"43411223"
,"ih_tech_tree/replacement/ih_vehicle_family/wandle","Iron Horse 4 (Trains)",https://bananas.openttd.org/package/newgrf/43411223,2026-01-04,"",1,"43411223"
,"ih_tech_tree/replacement/ih_vehicle_family/westbourne","Iron Horse 4 (Trains)",https://bananas.openttd.org/package/newgrf/43411223,2026-01-04,"",1,"43411223"
,"ih_tech_tree/replacement/ih_vehicle_family/westrail","Iron Horse 4 (Trains)",https://bananas.openttd.org/package/newgrf/43411223,2026-01-04,"",1,"43411223"
,"ih_tech_tree/replacement/ih_vehicle_family/wildfire","Iron Horse 4 (Trains)",https://bananas.openttd.org/package/newgrf/43411223,2026-01-04,"",1,"43411223"
,"ih_tech_tree/replacement/ih_vehicle_family/withershins","Iron Horse 4 (Trains)",https://bananas.openttd.org/package/newgrf/43411223,2026-01-04,"",1,"43411223"
,"ih_tech_tree/replacement/ih_vehicle_family/wyvern","Iron Horse 4 (Trains)",https://bananas.openttd.org/package/newgrf/43411223,2026-01-04,"",1,"43411223"
,"ih_tech_tree/replacement/ih_vehicle_family/yak","Iron Horse 4 (Trains)",https://bananas.openttd.org/package/newgrf/43411223,2026-01-04,"",1,"43411223"
,"ih_tech_tree/replacement/ih_vehicle_family/yillen","Iron Horse 4 (Trains)",https://bananas.openttd.org/package/newgrf/43411223,2026-01-04,"",1,"43411223"
,"ih_tech_tree/replacement/ih_vehicle_family/zest","Iron Horse 4 (Trains)",https://bananas.openttd.org/package/newgrf/43411223,2026-01-04,"",1,"43411223"
,"ih_tech_tree/replaces/ih_vehicle_family/abernant","Iron Horse 4 (Trains)",https://bananas.openttd.org/package/newgrf/43411223,2026-01-04,"",1,"43411223"
,"ih_tech_tree/replaces/ih_vehicle_family/alfama","Iron Horse 4 (Trains)",https://bananas.openttd.org/package/newgrf/43411223,2026-01-04,"",1,"43411223"
,"ih_tech_tree/replaces/ih_vehicle_family/ares","Iron Horse 4 (Trains)",https://bananas.openttd.org/package/newgrf/43411223,2026-01-04,"",1,"43411223"
,"ih_tech_tree/replaces/ih_vehicle_family/argus","Iron Horse 4 (Trains)",https://bananas.openttd.org/package/newgrf/43411223,2026-01-04,"",1,"43411223"
,"ih_tech_tree/replaces/ih_vehicle_family/arrow","Iron Horse 4 (Trains)",https://bananas.openttd.org/package/newgrf/43411223,2026-01-04,"",1,"43411223"
,"ih_tech_tree/replaces/ih_vehicle_family/athena","Iron Horse 4 (Trains)",https://bananas.openttd.org/package/newgrf/43411223,2026-01-04,"",1,"43411223"
,"ih_tech_tree/replaces/ih_vehicle_family/autocoach_pony_gen_2","Iron Horse 4 (Trains)",https://bananas.openttd.org/package/newgrf/43411223,2026-01-04,"",1,"43411223"
,"ih_tech_tree/replaces/ih_vehicle_family/backbone","Iron Horse 4 (Trains)",https://bananas.openttd.org/package/newgrf/43411223,2026-01-04,"",1,"43411223"
,"ih_tech_tree/replaces/ih_vehicle_family/bean_feast","Iron Horse 4 (Trains)",https://bananas.openttd.org/package/newgrf/43411223,2026-01-04,"",1,"43411223"
,"ih_tech_tree/replaces/ih_vehicle_family/booster","Iron Horse 4 (Trains)",https://bananas.openttd.org/package/newgrf/43411223,2026-01-04,"",1,"43411223"
,"ih_tech_tree/replaces/ih_vehicle_family/borax","Iron Horse 4 (Trains)",https://bananas.openttd.org/package/newgrf/43411223,2026-01-04,"",1,"43411223"
,"ih_tech_tree/replaces/ih_vehicle_family/braf","Iron Horse 4 (Trains)",https://bananas.openttd.org/package/newgrf/43411223,2026-01-04,"",1,"43411223"
,"ih_tech_tree/replaces/ih_vehicle_family/buffalo","Iron Horse 4 (Trains)",https://bananas.openttd.org/package/newgrf/43411223,2026-01-04,"",1,"43411223"
,"ih_tech_tree/replaces/ih_vehicle_family/captain_steel","Iron Horse 4 (Trains)",https://bananas.openttd.org/package/newgrf/43411223,2026-01-04,"",1,"43411223"
,"ih_tech_tree/replaces/ih_vehicle_family/carrack","Iron Horse 4 (Trains)",https://bananas.openttd.org/package/newgrf/43411223,2026-01-04,"",1,"43411223"
,"ih_tech_tree/replaces/ih_vehicle_family/cheese_bug","Iron Horse 4 (Trains)",https://bananas.openttd.org/package/newgrf/43411223,2026-01-04,"",1,"43411223"
,"ih_tech_tree/replaces/ih_vehicle_family/chinook","Iron Horse 4 (Trains)",https://bananas.openttd.org/package/newgrf/43411223,2026-01-04,"",1,"43411223"
,"ih_tech_tree/replaces/ih_vehicle_family/clipper","Iron Horse 4 (Trains)",https://bananas.openttd.org/package/newgrf/43411223,2026-01-04,"",1,"43411223"
,"ih_tech_tree/replaces/ih_vehicle_family/cringle","Iron Horse 4 (Trains)",https://bananas.openttd.org/package/newgrf/43411223,2026-01-04,"",1,"43411223"
,"ih_tech_tree/replaces/ih_vehicle_family/daring","Iron Horse 4 (Trains)",https://bananas.openttd.org/package/newgrf/43411223,2026-01-04,"",1,"43411223"
,"ih_tech_tree/replaces/ih_vehicle_family/deasil","Iron Horse 4 (Trains)",https://bananas.openttd.org/package/newgrf/43411223,2026-01-04,"",1,"43411223"
,"ih_tech_tree/replaces/ih_vehicle_family/debden","Iron Horse 4 (Trains)",https://bananas.openttd.org/package/newgrf/43411223,2026-01-04,"",1,"43411223"
,"ih_tech_tree/replaces/ih_vehicle_family/decapod","Iron Horse 4 (Trains)",https://bananas.openttd.org/package/newgrf/43411223,2026-01-04,"",1,"43411223"
,"ih_tech_tree/replaces/ih_vehicle_family/diablo","Iron Horse 4 (Trains)",https://bananas.openttd.org/package/newgrf/43411223,2026-01-04,"",1,"43411223"
,"ih_tech_tree/replaces/ih_vehicle_family/dover","Iron Horse 4 (Trains)",https://bananas.openttd.org/package/newgrf/43411223,2026-01-04,"",1,"43411223"
,"ih_tech_tree/replaces/ih_vehicle_family/dragon","Iron Horse 4 (Trains)",https://bananas.openttd.org/package/newgrf/43411223,2026-01-04,"",1,"43411223"
,"ih_tech_tree/replaces/ih_vehicle_family/dreadnought","Iron Horse 4 (Trains)",https://bananas.openttd.org/package/newgrf/43411223,2026-01-04,"",1,"43411223"
,"ih_tech_tree/replaces/ih_vehicle_family/driving_cab_passenger_pony_gen_4","Iron Horse 4 (Trains)",https://bananas.openttd.org/package/newgrf/43411223,2026-01-04,"",1,"43411223"
,"ih_tech_tree/replaces/ih_vehicle_family/dryth","Iron Horse 4 (Trains)",https://bananas.openttd.org/package/newgrf/43411223,2026-01-04,"",1,"43411223"
,"ih_tech_tree/replaces/ih_vehicle_family/dynamo","Iron Horse 4 (Trains)",https://bananas.openttd.org/package/newgrf/43411223,2026-01-04,"",1,"43411223"
,"ih_tech_tree/replaces/ih_vehicle_family/eastern","Iron Horse 4 (Trains)",https://bananas.openttd.org/package/newgrf/43411223,2026-01-04,"",1,"43411223"
,"ih_tech_tree/replaces/ih_vehicle_family/esk","Iron Horse 4 (Trains)",https://bananas.openttd.org/package/newgrf/43411223,2026-01-04,"",1,"43411223"
,"ih_tech_tree/replaces/ih_vehicle_family/falcon","Iron Horse 4 (Trains)",https://bananas.openttd.org/package/newgrf/43411223,2026-01-04,"",1,"43411223"
,"ih_tech_tree/replaces/ih_vehicle_family/fireball","Iron Horse 4 (Trains)",https://bananas.openttd.org/package/newgrf/43411223,2026-01-04,"",1,"43411223"
,"ih_tech_tree/replaces/ih_vehicle_family/firebird","Iron Horse 4 (Trains)",https://bananas.openttd.org/package/newgrf/43411223,2026-01-04,"",1,"43411223"
,"ih_tech_tree/replaces/ih_vehicle_family/flindermouse","Iron Horse 4 (Trains)",https://bananas.openttd.org/package/newgrf/43411223,2026-01-04,"",1,"43411223"
,"ih_tech_tree/replaces/ih_vehicle_family/foxhound","Iron Horse 4 (Trains)",https://bananas.openttd.org/package/newgrf/43411223,2026-01-04,"",1,"43411223"
,"ih_tech_tree/replaces/ih_vehicle_family/geronimo","Iron Horse 4 (Trains)",https://bananas.openttd.org/package/newgrf/43411223,2026-01-04,"",1,"43411223"
,"ih_tech_tree/replaces/ih_vehicle_family/girt_licker","Iron Horse 4 (Trains)",https://bananas.openttd.org/package/newgrf/43411223,2026-01-04,"",1,"43411223"
,"ih_tech_tree/replaces/ih_vehicle_family/gowsty","Iron Horse 4 (Trains)",https://bananas.openttd.org/package/newgrf/43411223,2026-01-04,"",1,"43411223"
,"ih_tech_tree/replaces/ih_vehicle_family/grillage","Iron Horse 4 (Trains)",https://bananas.openttd.org/package/newgrf/43411223,2026-01-04,"",1,"43411223"
,"ih_tech_tree/replaces/ih_vehicle_family/growler","Iron Horse 4 (Trains)",https://bananas.openttd.org/package/newgrf/43411223,2026-01-04,"",1,"43411223"
,"ih_tech_tree/replaces/ih_vehicle_family/grub","Iron Horse 4 (Trains)",https://bananas.openttd.org/package/newgrf/43411223,2026-01-04,"",1,"43411223"
,"ih_tech_tree/replaces/ih_vehicle_family/haar","Iron Horse 4 (Trains)",https://bananas.openttd.org/package/newgrf/43411223,2026-01-04,"",1,"43411223"
,"ih_tech_tree/replaces/ih_vehicle_family/hammersmith","Iron Horse 4 (Trains)",https://bananas.openttd.org/package/newgrf/43411223,2026-01-04,"",1,"43411223"
,"ih_tech_tree/replaces/ih_vehicle_family/hawkinge","Iron Horse 4 (Trains)",https://bananas.openttd.org/package/newgrf/43411223,2026-01-04,"",1,"43411223"
,"ih_tech_tree/replaces/ih_vehicle_family/hercules","Iron Horse 4 (Trains)",https://bananas.openttd.org/package/newgrf/43411223,2026-01-04,"",1,"43411223"
,"ih_tech_tree/replaces/ih_vehicle_family/high_flyer","Iron Horse 4 (Trains)",https://bananas.openttd.org/package/newgrf/43411223,2026-01-04,"",1,"43411223"
,"ih_tech_tree/replaces/ih_vehicle_family/highlander","Iron Horse 4 (Trains)",https://bananas.openttd.org/package/newgrf/43411223,2026-01-04,"",1,"43411223"
,"ih_tech_tree/replaces/ih_vehicle_family/hurly_burly","Iron Horse 4 (Trains)",https://bananas.openttd.org/package/newgrf/43411223,2026-01-04,"",1,"43411223"
,"ih_tech_tree/replaces/ih_vehicle_family/intrepid","Iron Horse 4 (Trains)",https://bananas.openttd.org/package/newgrf/43411223,2026-01-04,"",1,"43411223"
,"ih_tech_tree/replaces/ih_vehicle_family/keen","Iron Horse 4 (Trains)",https://bananas.openttd.org/package/newgrf/43411223,2026-01-04,"",1,"43411223"
,"ih_tech_tree/replaces/ih_vehicle_family/kelpie","Iron Horse 4 (Trains)",https://bananas.openttd.org/package/newgrf/43411223,2026-01-04,"",1,"43411223"
,"ih_tech_tree/replaces/ih_vehicle_family/kraken","Iron Horse 4 (Trains)",https://bananas.openttd.org/package/newgrf/43411223,2026-01-04,"",1,"43411223"
,"ih_tech_tree/replaces/ih_vehicle_family/lamia","Iron Horse 4 (Trains)",https://bananas.openttd.org/package/newgrf/43411223,2026-01-04,"",1,"43411223"
,"ih_tech_tree/replaces/ih_vehicle_family/lark","Iron Horse 4 (Trains)",https://bananas.openttd.org/package/newgrf/43411223,2026-01-04,"",1,"43411223"
,"ih_tech_tree/replaces/ih_vehicle_family/lemon","Iron Horse 4 (Trains)",https://bananas.openttd.org/package/newgrf/43411223,2026-01-04,"",1,"43411223"
,"ih_tech_tree/replaces/ih_vehicle_family/lion","Iron Horse 4 (Trains)",https://bananas.openttd.org/package/newgrf/43411223,2026-01-04,"",1,"43411223"
,"ih_tech_tree/replaces/ih_vehicle_family/little_bear","Iron Horse 4 (Trains)",https://bananas.openttd.org/package/newgrf/43411223,2026-01-04,"",1,"43411223"
,"ih_tech_tree/replaces/ih_vehicle_family/longwater","Iron Horse 4 (Trains)",https://bananas.openttd.org/package/newgrf/43411223,2026-01-04,"",1,"43411223"
,"ih_tech_tree/replaces/ih_vehicle_family/maelstrom","Iron Horse 4 (Trains)",https://bananas.openttd.org/package/newgrf/43411223,2026-01-04,"",1,"43411223"
,"ih_tech_tree/replaces/ih_vehicle_family/mainstay","Iron Horse 4 (Trains)",https://bananas.openttd.org/package/newgrf/43411223,2026-01-04,"",1,"43411223"
,"ih_tech_tree/replaces/ih_vehicle_family/merlion","Iron Horse 4 (Trains)",https://bananas.openttd.org/package/newgrf/43411223,2026-01-04,"",1,"43411223"
,"ih_tech_tree/replaces/ih_vehicle_family/merrylegs","Iron Horse 4 (Trains)",https://bananas.openttd.org/package/newgrf/43411223,2026-01-04,"",1,"43411223"
,"ih_tech_tree/replaces/ih_vehicle_family/moor_gallop","Iron Horse 4 (Trains)",https://bananas.openttd.org/package/newgrf/43411223,2026-01-04,"",1,"43411223"
,"ih_tech_tree/replaces/ih_vehicle_family/mumble","Iron Horse 4 (Trains)",https://bananas.openttd.org/package/newgrf/43411223,2026-01-04,"",1,"43411223"
,"ih_tech_tree/replaces/ih_vehicle_family/nile","Iron Horse 4 (Trains)",https://bananas.openttd.org/package/newgrf/43411223,2026-01-04,"",1,"43411223"
,"ih_tech_tree/replaces/ih_vehicle_family/ox","Iron Horse 4 (Trains)",https://bananas.openttd.org/package/newgrf/43411223,2026-01-04,"",1,"43411223"
,"ih_tech_tree/replaces/ih_vehicle_family/peasweep","Iron Horse 4 (Trains)",https://bananas.openttd.org/package/newgrf/43411223,2026-01-04,"",1,"43411223"
,"ih_tech_tree/replaces/ih_vehicle_family/pegasus","Iron Horse 4 (Trains)",https://bananas.openttd.org/package/newgrf/43411223,2026-01-04,"",1,"43411223"
,"ih_tech_tree/replaces/ih_vehicle_family/pika","Iron Horse 4 (Trains)",https://bananas.openttd.org/package/newgrf/43411223,2026-01-04,"",1,"43411223"
,"ih_tech_tree/replaces/ih_vehicle_family/pinhorse","Iron Horse 4 (Trains)",https://bananas.openttd.org/package/newgrf/43411223,2026-01-04,"",1,"43411223"
,"ih_tech_tree/replaces/ih_vehicle_family/poplar","Iron Horse 4 (Trains)",https://bananas.openttd.org/package/newgrf/43411223,2026-01-04,"",1,"43411223"
,"ih_tech_tree/replaces/ih_vehicle_family/proper_job","Iron Horse 4 (Trains)",https://bananas.openttd.org/package/newgrf/43411223,2026-01-04,"",1,"43411223"
,"ih_tech_tree/replaces/ih_vehicle_family/rat","Iron Horse 4 (Trains)",https://bananas.openttd.org/package/newgrf/43411223,2026-01-04,"",1,"43411223"
,"ih_tech_tree/replaces/ih_vehicle_family/ravensbourne","Iron Horse 4 (Trains)",https://bananas.openttd.org/package/newgrf/43411223,2026-01-04,"",1,"43411223"
,"ih_tech_tree/replaces/ih_vehicle_family/reliance","Iron Horse 4 (Trains)",https://bananas.openttd.org/package/newgrf/43411223,2026-01-04,"",1,"43411223"
,"ih_tech_tree/replaces/ih_vehicle_family/roarer","Iron Horse 4 (Trains)",https://bananas.openttd.org/package/newgrf/43411223,2026-01-04,"",1,"43411223"
,"ih_tech_tree/replaces/ih_vehicle_family/satyr","Iron Horse 4 (Trains)",https://bananas.openttd.org/package/newgrf/43411223,2026-01-04,"",1,"43411223"
,"ih_tech_tree/replaces/ih_vehicle_family/saxon","Iron Horse 4 (Trains)",https://bananas.openttd.org/package/newgrf/43411223,2026-01-04,"",1,"43411223"
,"ih_tech_tree/replaces/ih_vehicle_family/scooby","Iron Horse 4 (Trains)",https://bananas.openttd.org/package/newgrf/43411223,2026-01-04,"",1,"43411223"
,"ih_tech_tree/replaces/ih_vehicle_family/serpentine","Iron Horse 4 (Trains)",https://bananas.openttd.org/package/newgrf/43411223,2026-01-04,"",1,"43411223"
,"ih_tech_tree/replaces/ih_vehicle_family/shoebox","Iron Horse 4 (Trains)",https://bananas.openttd.org/package/newgrf/43411223,2026-01-04,"",1,"43411223"
,"ih_tech_tree/replaces/ih_vehicle_family/slammer","Iron Horse 4 (Trains)",https://bananas.openttd.org/package/newgrf/43411223,2026-01-04,"",1,"43411223"
,"ih_tech_tree/replaces/ih_vehicle_family/smizzle","Iron Horse 4 (Trains)",https://bananas.openttd.org/package/newgrf/43411223,2026-01-04,"",1,"43411223"
,"ih_tech_tree/replaces/ih_vehicle_family/spinner","Iron Horse 4 (Trains)",https://bananas.openttd.org/package/newgrf/43411223,2026-01-04,"",1,"43411223"
,"ih_tech_tree/replaces/ih_vehicle_family/stag","Iron Horse 4 (Trains)",https://bananas.openttd.org/package/newgrf/43411223,2026-01-04,"",1,"43411223"
,"ih_tech_tree/replaces/ih_vehicle_family/stalwart","Iron Horse 4 (Trains)",https://bananas.openttd.org/package/newgrf/43411223,2026-01-04,"",1,"43411223"
,"ih_tech_tree/replaces/ih_vehicle_family/stoat","Iron Horse 4 (Trains)",https://bananas.openttd.org/package/newgrf/43411223,2026-01-04,"",1,"43411223"
,"ih_tech_tree/replaces/ih_vehicle_family/streamer","Iron Horse 4 (Trains)",https://bananas.openttd.org/package/newgrf/43411223,2026-01-04,"",1,"43411223"
,"ih_tech_tree/replaces/ih_vehicle_family/strongbow","Iron Horse 4 (Trains)",https://bananas.openttd.org/package/newgrf/43411223,2026-01-04,"",1,"43411223"
,"ih_tech_tree/replaces/ih_vehicle_family/sunshine_coast","Iron Horse 4 (Trains)",https://bananas.openttd.org/package/newgrf/43411223,2026-01-04,"",1,"43411223"
,"ih_tech_tree/replaces/ih_vehicle_family/swift","Iron Horse 4 (Trains)",https://bananas.openttd.org/package/newgrf/43411223,2026-01-04,"",1,"43411223"
,"ih_tech_tree/replaces/ih_vehicle_family/tenacious","Iron Horse 4 (Trains)",https://bananas.openttd.org/package/newgrf/43411223,2026-01-04,"",1,"43411223"
,"ih_tech_tree/replaces/ih_vehicle_family/tencendur","Iron Horse 4 (Trains)",https://bananas.openttd.org/package/newgrf/43411223,2026-01-04,"",1,"43411223"
,"ih_tech_tree/replaces/ih_vehicle_family/thor","Iron Horse 4 (Trains)",https://bananas.openttd.org/package/newgrf/43411223,2026-01-04,"",1,"43411223"
,"ih_tech_tree/replaces/ih_vehicle_family/thunderer","Iron Horse 4 (Trains)",https://bananas.openttd.org/package/newgrf/43411223,2026-01-04,"",1,"43411223"
,"ih_tech_tree/replaces/ih_vehicle_family/trojan","Iron Horse 4 (Trains)",https://bananas.openttd.org/package/newgrf/43411223,2026-01-04,"",1,"43411223"
,"ih_tech_tree/replaces/ih_vehicle_family/turbulent","Iron Horse 4 (Trains)",https://bananas.openttd.org/package/newgrf/43411223,2026-01-04,"",1,"43411223"
,"ih_tech_tree/replaces/ih_vehicle_family/tyburn","Iron Horse 4 (Trains)",https://bananas.openttd.org/package/newgrf/43411223,2026-01-04,"",1,"43411223"
,"ih_tech_tree/replaces/ih_vehicle_family/tyrconnell","Iron Horse 4 (Trains)",https://bananas.openttd.org/package/newgrf/43411223,2026-01-04,"",1,"43411223"
,"ih_tech_tree/replaces/ih_vehicle_family/vigilant","Iron Horse 4 (Trains)",https://bananas.openttd.org/package/newgrf/43411223,2026-01-04,"",1,"43411223"
,"ih_tech_tree/replaces/ih_vehicle_family/vulcan","Iron Horse 4 (Trains)",https://bananas.openttd.org/package/newgrf/43411223,2026-01-04,"",1,"43411223"
,"ih_tech_tree/replaces/ih_vehicle_family/walbrook","Iron Horse 4 (Trains)",https://bananas.openttd.org/package/newgrf/43411223,2026-01-04,"",1,"43411223"
,"ih_tech_tree/replaces/ih_vehicle_family/wandle","Iron Horse 4 (Trains)",https://bananas.openttd.org/package/newgrf/43411223,2026-01-04,"",1,"43411223"
,"ih_tech_tree/replaces/ih_vehicle_family/westbourne","Iron Horse 4 (Trains)",https://bananas.openttd.org/package/newgrf/43411223,2026-01-04,"",1,"43411223"
,"ih_tech_tree/replaces/ih_vehicle_family/withershins","Iron Horse 4 (Trains)",https://bananas.openttd.org/package/newgrf/43411223,2026-01-04,"",1,"43411223"
,"ih_tech_tree/replaces/ih_vehicle_family/wyvern","Iron Horse 4 (Trains)",https://bananas.openttd.org/package/newgrf/43411223,2026-01-04,"",1,"43411223"
,"ih_tech_tree/replaces/ih_vehicle_family/xerxes","Iron Horse 4 (Trains)",https://bananas.openttd.org/package/newgrf/43411223,2026-01-04,"",1,"43411223"
,"ih_tech_tree/replaces/ih_vehicle_family/yak","Iron Horse 4 (Trains)",https://bananas.openttd.org/package/newgrf/43411223,2026-01-04,"",1,"43411223"
,"ih_tech_tree/replaces/ih_vehicle_family/yillen","Iron Horse 4 (Trains)",https://bananas.openttd.org/package/newgrf/43411223,2026-01-04,"",1,"43411223"
,"ih_tech_tree/replaces/ih_vehicle_family/zebedee","Iron Horse 4 (Trains)",https://bananas.openttd.org/package/newgrf/43411223,2026-01-04,"",1,"43411223"
,"ih_tech_tree/replaces/ih_vehicle_family/zorro","Iron Horse 4 (Trains)",https://bananas.openttd.org/package/newgrf/43411223,2026-01-04,"",1,"43411223"
,"ih_tech_tree/subrole/None","Iron Horse 4 (Trains)",https://bananas.openttd.org/package/newgrf/43411223,2026-01-04,"",1,"43411223"
,"ih_tech_tree/subrole/branch_express","Iron Horse 4 (Trains)",https://bananas.openttd.org/package/newgrf/43411223,2026-01-04,"",1,"43411223"
,"ih_tech_tree/subrole/branch_freight","Iron Horse 4 (Trains)",https://bananas.openttd.org/package/newgrf/43411223,2026-01-04,"",1,"43411223"
,"ih_tech_tree/subrole/driving_cab_express_mail","Iron Horse 4 (Trains)",https://bananas.openttd.org/package/newgrf/43411223,2026-01-04,"",1,"43411223"
,"ih_tech_tree/subrole/driving_cab_express_mixed","Iron Horse 4 (Trains)",https://bananas.openttd.org/package/newgrf/43411223,2026-01-04,"",1,"43411223"
,"ih_tech_tree/subrole/driving_cab_express_pax","Iron Horse 4 (Trains)",https://bananas.openttd.org/package/newgrf/43411223,2026-01-04,"",1,"43411223"
,"ih_tech_tree/subrole/express","Iron Horse 4 (Trains)",https://bananas.openttd.org/package/newgrf/43411223,2026-01-04,"",1,"43411223"
,"ih_tech_tree/subrole/express_mail_railcar","Iron Horse 4 (Trains)",https://bananas.openttd.org/package/newgrf/43411223,2026-01-04,"",1,"43411223"
,"ih_tech_tree/subrole/express_pax_railcar","Iron Horse 4 (Trains)",https://bananas.openttd.org/package/newgrf/43411223,2026-01-04,"",1,"43411223"
,"ih_tech_tree/subrole/freight","Iron Horse 4 (Trains)",https://bananas.openttd.org/package/newgrf/43411223,2026-01-04,"",1,"43411223"
,"ih_tech_tree/subrole/freight_railcar","Iron Horse 4 (Trains)",https://bananas.openttd.org/package/newgrf/43411223,2026-02-01,"",1,"43411223"
,"ih_tech_tree/subrole/gronk","Iron Horse 4 (Trains)",https://bananas.openttd.org/package/newgrf/43411223,2026-01-04,"",1,"43411223"
,"ih_tech_tree/subrole/heavy_express","Iron Horse 4 (Trains)",https://bananas.openttd.org/package/newgrf/43411223,2026-01-04,"",1,"43411223"
,"ih_tech_tree/subrole/heavy_freight","Iron Horse 4 (Trains)",https://bananas.openttd.org/package/newgrf/43411223,2026-01-04,"",1,"43411223"
,"ih_tech_tree/subrole/hst","Iron Horse 4 (Trains)",https://bananas.openttd.org/package/newgrf/43411223,2026-01-04,"",1,"43411223"
,"ih_tech_tree/subrole/mail_metro","Iron Horse 4 (Trains)",https://bananas.openttd.org/package/newgrf/43411223,2026-01-04,"",1,"43411223"
,"ih_tech_tree/subrole/mail_railcar","Iron Horse 4 (Trains)",https://bananas.openttd.org/package/newgrf/43411223,2026-01-04,"",1,"43411223"
,"ih_tech_tree/subrole/metro_freight","Iron Horse 4 (Trains)",https://bananas.openttd.org/package/newgrf/43411223,2026-01-04,"",1,"43411223"
,"ih_tech_tree/subrole/pax_metro","Iron Horse 4 (Trains)",https://bananas.openttd.org/package/newgrf/43411223,2026-01-04,"",1,"43411223"
,"ih_tech_tree/subrole/pax_railbus","Iron Horse 4 (Trains)",https://bananas.openttd.org/package/newgrf/43411223,2026-01-04,"",1,"43411223"
,"ih_tech_tree/subrole/pax_railcar","Iron Horse 4 (Trains)",https://bananas.openttd.org/package/newgrf/43411223,2026-01-04,"",1,"43411223"
,"ih_tech_tree/subrole/pax_suburban_coach","Iron Horse 4 (Trains)",https://bananas.openttd.org/package/newgrf/43411223,2026-01-04,"",1,"43411223"
,"ih_tech_tree/subrole/snoughplough!","Iron Horse 4 (Trains)",https://bananas.openttd.org/package/newgrf/43411223,2026-01-04,"",1,"43411223"
,"ih_tech_tree/subrole/super_heavy_express","Iron Horse 4 (Trains)",https://bananas.openttd.org/package/newgrf/43411223,2026-01-04,"",1,"43411223"
,"ih_tech_tree/subrole/super_heavy_freight","Iron Horse 4 (Trains)",https://bananas.openttd.org/package/newgrf/43411223,2026-01-04,"",1,"43411223"
,"ih_tech_tree/subrole/ultra_heavy_express","Iron Horse 4 (Trains)",https://bananas.openttd.org/package/newgrf/43411223,2026-01-04,"",1,"43411223"
,"ih_tech_tree/subrole/ultra_heavy_freight","Iron Horse 4 (Trains)",https://bananas.openttd.org/package/newgrf/43411223,2026-01-04,"",1,"43411223"
,"ih_tech_tree/subrole/universal","Iron Horse 4 (Trains)",https://bananas.openttd.org/package/newgrf/43411223,2026-01-04,"",1,"43411223"
,"ih_tech_tree/subrole/very_high_speed","Iron Horse 4 (Trains)",https://bananas.openttd.org/package/newgrf/43411223,2026-01-04,"",1,"43411223"
,"ih_tech_tree/subrole_child_branch_num/-1","Iron Horse 4 (Trains)",https://bananas.openttd.org/package/newgrf/43411223,2026-01-04,"",1,"43411223"
,"ih_tech_tree/subrole_child_branch_num/-1001","Iron Horse 4 (Trains)",https://bananas.openttd.org/package/newgrf/43411223,2026-01-04,"",1,"43411223"
,"ih_tech_tree/subrole_child_branch_num/-1002","Iron Horse 4 (Trains)",https://bananas.openttd.org/package/newgrf/43411223,2026-01-04,"",1,"43411223"
,"ih_tech_tree/subrole_child_branch_num/-2","Iron Horse 4 (Trains)",https://bananas.openttd.org/package/newgrf/43411223,2026-01-04,"",1,"43411223"
,"ih_tech_tree/subrole_child_branch_num/-2001","Iron Horse 4 (Trains)",https://bananas.openttd.org/package/newgrf/43411223,2026-01-04,"",1,"43411223"
,"ih_tech_tree/subrole_child_branch_num/-2002","Iron Horse 4 (Trains)",https://bananas.openttd.org/package/newgrf/43411223,2026-01-04,"",1,"43411223"
,"ih_tech_tree/subrole_child_branch_num/-3","Iron Horse 4 (Trains)",https://bananas.openttd.org/package/newgrf/43411223,2026-01-04,"",1,"43411223"
,"ih_tech_tree/subrole_child_branch_num/-3000","Iron Horse 4 (Trains)",https://bananas.openttd.org/package/newgrf/43411223,2026-01-04,"",1,"43411223"
,"ih_tech_tree/subrole_child_branch_num/-4","Iron Horse 4 (Trains)",https://bananas.openttd.org/package/newgrf/43411223,2026-01-04,"",1,"43411223"
,"ih_tech_tree/subrole_child_branch_num/-6","Iron Horse 4 (Trains)",https://bananas.openttd.org/package/newgrf/43411223,2026-01-04,"",1,"43411223"
,"ih_tech_tree/subrole_child_branch_num/0","Iron Horse 4 (Trains)",https://bananas.openttd.org/package/newgrf/43411223,2026-01-04,"",1,"43411223"
,"ih_tech_tree/subrole_child_branch_num/1","Iron Horse 4 (Trains)",https://bananas.openttd.org/package/newgrf/43411223,2026-01-04,"",1,"43411223"
,"ih_tech_tree/subrole_child_branch_num/1001","Iron Horse 4 (Trains)",https://bananas.openttd.org/package/newgrf/43411223,2026-01-04,"",1,"43411223"
,"ih_tech_tree/subrole_child_branch_num/1002","Iron Horse 4 (Trains)",https://bananas.openttd.org/package/newgrf/43411223,2026-01-04,"",1,"43411223"
,"ih_tech_tree/subrole_child_branch_num/2","Iron Horse 4 (Trains)",https://bananas.openttd.org/package/newgrf/43411223,2026-01-04,"",1,"43411223"
,"ih_tech_tree/subrole_child_branch_num/2001","Iron Horse 4 (Trains)",https://bananas.openttd.org/package/newgrf/43411223,2026-01-04,"",1,"43411223"
,"ih_tech_tree/subrole_child_branch_num/2002","Iron Horse 4 (Trains)",https://bananas.openttd.org/package/newgrf/43411223,2026-01-04,"",1,"43411223"
,"ih_tech_tree/subrole_child_branch_num/3","Iron Horse 4 (Trains)",https://bananas.openttd.org/package/newgrf/43411223,2026-01-04,"",1,"43411223"
,"ih_tech_tree/subrole_child_branch_num/4","Iron Horse 4 (Trains)",https://bananas.openttd.org/package/newgrf/43411223,2026-01-04,"",1,"43411223"
,"ih_tech_tree/subrole_child_branch_num/5","Iron Horse 4 (Trains)",https://bananas.openttd.org/package/newgrf/43411223,2026-01-04,"",1,"43411223"
[ih_vehicle_family],Label,Introduced by,Hyperlink,When,Comment,Occurrences,Using GRFIDs
,"ih_vehicle_family/abernant","Iron Horse 4 (Trains)",https://bananas.openttd.org/package/newgrf/43411223,2026-01-04,"",1,"43411223"
,"ih_vehicle_family/acid_tank_car","Iron Horse 4 (Trains)",https://bananas.openttd.org/package/newgrf/43411223,2026-01-04,"",1,"43411223"
,"ih_vehicle_family/aggregate_bulk_open_car","Iron Horse 4 (Trains)",https://bananas.openttd.org/package/newgrf/43411223,2026-01-04,"",1,"43411223"
,"ih_vehicle_family/aggregate_hopper_car","Iron Horse 4 (Trains)",https://bananas.openttd.org/package/newgrf/43411223,2026-01-04,"",1,"43411223"
,"ih_vehicle_family/alfama","Iron Horse 4 (Trains)",https://bananas.openttd.org/package/newgrf/43411223,2026-01-04,"",1,"43411223"
,"ih_vehicle_family/alize","Iron Horse 4 (Trains)",https://bananas.openttd.org/package/newgrf/43411223,2026-01-04,"",1,"43411223"
,"ih_vehicle_family/angerstein","Iron Horse 4 (Trains)",https://bananas.openttd.org/package/newgrf/43411223,2026-01-04,"",1,"43411223"
,"ih_vehicle_family/ares","Iron Horse 4 (Trains)",https://bananas.openttd.org/package/newgrf/43411223,2026-01-04,"",1,"43411223"
,"ih_vehicle_family/argus","Iron Horse 4 (Trains)",https://bananas.openttd.org/package/newgrf/43411223,2026-01-04,"",1,"43411223"
,"ih_vehicle_family/arrow","Iron Horse 4 (Trains)",https://bananas.openttd.org/package/newgrf/43411223,2026-01-04,"",1,"43411223"
,"ih_vehicle_family/athena","Iron Horse 4 (Trains)",https://bananas.openttd.org/package/newgrf/43411223,2026-01-04,"",1,"43411223"
,"ih_vehicle_family/autocoach_pony_gen_2","Iron Horse 4 (Trains)",https://bananas.openttd.org/package/newgrf/43411223,2026-01-04,"",1,"43411223"
,"ih_vehicle_family/automobile_car","Iron Horse 4 (Trains)",https://bananas.openttd.org/package/newgrf/43411223,2026-01-04,"",1,"43411223"
,"ih_vehicle_family/avenger","Iron Horse 4 (Trains)",https://bananas.openttd.org/package/newgrf/43411223,2026-01-04,"",1,"43411223"
,"ih_vehicle_family/backbone","Iron Horse 4 (Trains)",https://bananas.openttd.org/package/newgrf/43411223,2026-01-04,"",1,"43411223"
,"ih_vehicle_family/bankside","Iron Horse 4 (Trains)",https://bananas.openttd.org/package/newgrf/43411223,2026-01-04,"",1,"43411223"
,"ih_vehicle_family/bean_feast","Iron Horse 4 (Trains)",https://bananas.openttd.org/package/newgrf/43411223,2026-01-04,"",1,"43411223"
,"ih_vehicle_family/blaze","Iron Horse 4 (Trains)",https://bananas.openttd.org/package/newgrf/43411223,2026-01-04,"",1,"43411223"
,"ih_vehicle_family/boar_cat","Iron Horse 4 (Trains)",https://bananas.openttd.org/package/newgrf/43411223,2026-01-04,"",1,"43411223"
,"ih_vehicle_family/bolster_car","Iron Horse 4 (Trains)",https://bananas.openttd.org/package/newgrf/43411223,2026-01-04,"",1,"43411223"
,"ih_vehicle_family/bone","Iron Horse 4 (Trains)",https://bananas.openttd.org/package/newgrf/43411223,2026-01-04,"",1,"43411223"
,"ih_vehicle_family/booster","Iron Horse 4 (Trains)",https://bananas.openttd.org/package/newgrf/43411223,2026-01-04,"",1,"43411223"
,"ih_vehicle_family/borax","Iron Horse 4 (Trains)",https://bananas.openttd.org/package/newgrf/43411223,2026-01-04,"",1,"43411223"
,"ih_vehicle_family/borealis","Iron Horse 4 (Trains)",https://bananas.openttd.org/package/newgrf/43411223,2026-03-07,"",1,"43411223"
,"ih_vehicle_family/box_car","Iron Horse 4 (Trains)",https://bananas.openttd.org/package/newgrf/43411223,2026-01-04,"",1,"43411223"
,"ih_vehicle_family/braf","Iron Horse 4 (Trains)",https://bananas.openttd.org/package/newgrf/43411223,2026-01-04,"",1,"43411223"
,"ih_vehicle_family/brash_cab","Iron Horse 4 (Trains)",https://bananas.openttd.org/package/newgrf/43411223,2026-02-01,"",1,"43411223"
,"ih_vehicle_family/brash_middle","Iron Horse 4 (Trains)",https://bananas.openttd.org/package/newgrf/43411223,2026-02-01,"",1,"43411223"
,"ih_vehicle_family/breeze","Iron Horse 4 (Trains)",https://bananas.openttd.org/package/newgrf/43411223,2026-01-04,"",1,"43411223"
,"ih_vehicle_family/brenner","Iron Horse 4 (Trains)",https://bananas.openttd.org/package/newgrf/43411223,2026-01-04,"",1,"43411223"
,"ih_vehicle_family/buffalo","Iron Horse 4 (Trains)",https://bananas.openttd.org/package/newgrf/43411223,2026-01-04,"",1,"43411223"
,"ih_vehicle_family/bulk_cargo_mine_hopper_combos","Iron Horse 4 (Trains)",https://bananas.openttd.org/package/newgrf/43411223,2026-06-09,"",1,"43411223"
,"ih_vehicle_family/bulk_cargo_mixed_combos","Iron Horse 4 (Trains)",https://bananas.openttd.org/package/newgrf/43411223,2026-01-04,"",1,"43411223"
,"ih_vehicle_family/bulk_cargo_quarry_box_combos","Iron Horse 4 (Trains)",https://bananas.openttd.org/package/newgrf/43411223,2026-06-09,"",1,"43411223"
,"ih_vehicle_family/bulk_cargo_quarry_hopper_combos","Iron Horse 4 (Trains)",https://bananas.openttd.org/package/newgrf/43411223,2026-06-09,"",1,"43411223"
,"ih_vehicle_family/caboose_car","Iron Horse 4 (Trains)",https://bananas.openttd.org/package/newgrf/43411223,2026-01-04,"",1,"43411223"
,"ih_vehicle_family/canary","Iron Horse 4 (Trains)",https://bananas.openttd.org/package/newgrf/43411223,2026-01-04,"",1,"43411223"
,"ih_vehicle_family/cane_bin_car","Iron Horse 4 (Trains)",https://bananas.openttd.org/package/newgrf/43411223,2026-01-04,"",1,"43411223"
,"ih_vehicle_family/captain_steel","Iron Horse 4 (Trains)",https://bananas.openttd.org/package/newgrf/43411223,2026-01-04,"",1,"43411223"
,"ih_vehicle_family/carbon_black_hopper_car","Iron Horse 4 (Trains)",https://bananas.openttd.org/package/newgrf/43411223,2026-01-04,"",1,"43411223"
,"ih_vehicle_family/carrack","Iron Horse 4 (Trains)",https://bananas.openttd.org/package/newgrf/43411223,2026-01-04,"",1,"43411223"
,"ih_vehicle_family/cement_silo_car","Iron Horse 4 (Trains)",https://bananas.openttd.org/package/newgrf/43411223,2026-01-04,"",1,"43411223"
,"ih_vehicle_family/centaur","Iron Horse 4 (Trains)",https://bananas.openttd.org/package/newgrf/43411223,2026-01-04,"",1,"43411223"
,"ih_vehicle_family/cheddar_valley","Iron Horse 4 (Trains)",https://bananas.openttd.org/package/newgrf/43411223,2026-01-04,"",1,"43411223"
,"ih_vehicle_family/cheese_bug","Iron Horse 4 (Trains)",https://bananas.openttd.org/package/newgrf/43411223,2026-01-04,"",1,"43411223"
,"ih_vehicle_family/chemical_cargo_tank_combos","Iron Horse 4 (Trains)",https://bananas.openttd.org/package/newgrf/43411223,2026-01-04,"",1,"43411223"
,"ih_vehicle_family/chinook","Iron Horse 4 (Trains)",https://bananas.openttd.org/package/newgrf/43411223,2026-01-04,"",1,"43411223"
,"ih_vehicle_family/chronos","Iron Horse 4 (Trains)",https://bananas.openttd.org/package/newgrf/43411223,2026-01-04,"",1,"43411223"
,"ih_vehicle_family/chuggypig","Iron Horse 4 (Trains)",https://bananas.openttd.org/package/newgrf/43411223,2026-01-04,"",1,"43411223"
,"ih_vehicle_family/clipper","Iron Horse 4 (Trains)",https://bananas.openttd.org/package/newgrf/43411223,2026-01-04,"",1,"43411223"
,"ih_vehicle_family/coal_bulk_open_car","Iron Horse 4 (Trains)",https://bananas.openttd.org/package/newgrf/43411223,2026-06-09,"",1,"43411223"
,"ih_vehicle_family/coal_hopper_car","Iron Horse 4 (Trains)",https://bananas.openttd.org/package/newgrf/43411223,2026-06-09,"",1,"43411223"
,"ih_vehicle_family/coil_buggy_car","Iron Horse 4 (Trains)",https://bananas.openttd.org/package/newgrf/43411223,2026-01-04,"",1,"43411223"
,"ih_vehicle_family/coil_car","Iron Horse 4 (Trains)",https://bananas.openttd.org/package/newgrf/43411223,2026-01-04,"",1,"43411223"
,"ih_vehicle_family/constance","Iron Horse 4 (Trains)",https://bananas.openttd.org/package/newgrf/43411223,2026-01-04,"",1,"43411223"
,"ih_vehicle_family/covered_hopper_car","Iron Horse 4 (Trains)",https://bananas.openttd.org/package/newgrf/43411223,2026-01-04,"",1,"43411223"
,"ih_vehicle_family/cringle","Iron Horse 4 (Trains)",https://bananas.openttd.org/package/newgrf/43411223,2026-01-04,"",1,"43411223"
,"ih_vehicle_family/cryo_tank_car","Iron Horse 4 (Trains)",https://bananas.openttd.org/package/newgrf/43411223,2026-01-04,"",1,"43411223"
,"ih_vehicle_family/curtain_side_box_car","Iron Horse 4 (Trains)",https://bananas.openttd.org/package/newgrf/43411223,2026-01-04,"",1,"43411223"
,"ih_vehicle_family/cyclone","Iron Horse 4 (Trains)",https://bananas.openttd.org/package/newgrf/43411223,2026-01-04,"",1,"43411223"
,"ih_vehicle_family/daring","Iron Horse 4 (Trains)",https://bananas.openttd.org/package/newgrf/43411223,2026-01-04,"",1,"43411223"
,"ih_vehicle_family/deasil","Iron Horse 4 (Trains)",https://bananas.openttd.org/package/newgrf/43411223,2026-01-04,"",1,"43411223"
,"ih_vehicle_family/debden","Iron Horse 4 (Trains)",https://bananas.openttd.org/package/newgrf/43411223,2026-01-04,"",1,"43411223"
,"ih_vehicle_family/decapod","Iron Horse 4 (Trains)",https://bananas.openttd.org/package/newgrf/43411223,2026-01-04,"",1,"43411223"
,"ih_vehicle_family/defiant","Iron Horse 4 (Trains)",https://bananas.openttd.org/package/newgrf/43411223,2026-01-04,"",1,"43411223"
,"ih_vehicle_family/diablo","Iron Horse 4 (Trains)",https://bananas.openttd.org/package/newgrf/43411223,2026-01-04,"",1,"43411223"
,"ih_vehicle_family/doineann","Iron Horse 4 (Trains)",https://bananas.openttd.org/package/newgrf/43411223,2026-01-04,"",1,"43411223"
,"ih_vehicle_family/double_deck_automobile_car","Iron Horse 4 (Trains)",https://bananas.openttd.org/package/newgrf/43411223,2026-01-04,"",1,"43411223"
,"ih_vehicle_family/doubletide","Iron Horse 4 (Trains)",https://bananas.openttd.org/package/newgrf/43411223,2026-01-04,"",1,"43411223"
,"ih_vehicle_family/dover","Iron Horse 4 (Trains)",https://bananas.openttd.org/package/newgrf/43411223,2026-01-04,"",1,"43411223"
,"ih_vehicle_family/dragon","Iron Horse 4 (Trains)",https://bananas.openttd.org/package/newgrf/43411223,2026-01-04,"",1,"43411223"
,"ih_vehicle_family/dreadnought","Iron Horse 4 (Trains)",https://bananas.openttd.org/package/newgrf/43411223,2026-01-04,"",1,"43411223"
,"ih_vehicle_family/driving_cab_high_speed_mail_pony_gen_5","Iron Horse 4 (Trains)",https://bananas.openttd.org/package/newgrf/43411223,2026-01-04,"",1,"43411223"
,"ih_vehicle_family/driving_cab_high_speed_mail_pony_gen_6","Iron Horse 4 (Trains)",https://bananas.openttd.org/package/newgrf/43411223,2026-01-04,"",1,"43411223"
,"ih_vehicle_family/driving_cab_high_speed_passenger_pony_gen_5","Iron Horse 4 (Trains)",https://bananas.openttd.org/package/newgrf/43411223,2026-01-04,"",1,"43411223"
,"ih_vehicle_family/driving_cab_high_speed_passenger_pony_gen_6","Iron Horse 4 (Trains)",https://bananas.openttd.org/package/newgrf/43411223,2026-01-04,"",1,"43411223"
,"ih_vehicle_family/driving_cab_mail_pony_gen_5","Iron Horse 4 (Trains)",https://bananas.openttd.org/package/newgrf/43411223,2026-01-04,"",1,"43411223"
,"ih_vehicle_family/driving_cab_panoramic_passenger_ng_pony_gen_4","Iron Horse 4 (Trains)",https://bananas.openttd.org/package/newgrf/43411223,2026-01-04,"",1,"43411223"
,"ih_vehicle_family/driving_cab_passenger_ng_pony_gen_4","Iron Horse 4 (Trains)",https://bananas.openttd.org/package/newgrf/43411223,2026-01-04,"",1,"43411223"
,"ih_vehicle_family/driving_cab_passenger_pony_gen_4","Iron Horse 4 (Trains)",https://bananas.openttd.org/package/newgrf/43411223,2026-01-04,"",1,"43411223"
,"ih_vehicle_family/driving_cab_passenger_pony_gen_5","Iron Horse 4 (Trains)",https://bananas.openttd.org/package/newgrf/43411223,2026-01-04,"",1,"43411223"
,"ih_vehicle_family/dryth","Iron Horse 4 (Trains)",https://bananas.openttd.org/package/newgrf/43411223,2026-01-04,"",1,"43411223"
,"ih_vehicle_family/dynamo","Iron Horse 4 (Trains)",https://bananas.openttd.org/package/newgrf/43411223,2026-01-04,"",1,"43411223"
,"ih_vehicle_family/eastern","Iron Horse 4 (Trains)",https://bananas.openttd.org/package/newgrf/43411223,2026-01-04,"",1,"43411223"
,"ih_vehicle_family/esk","Iron Horse 4 (Trains)",https://bananas.openttd.org/package/newgrf/43411223,2026-01-04,"",1,"43411223"
,"ih_vehicle_family/express_car","Iron Horse 4 (Trains)",https://bananas.openttd.org/package/newgrf/43411223,2026-01-04,"",1,"43411223"
,"ih_vehicle_family/express_intermodal_car","Iron Horse 4 (Trains)",https://bananas.openttd.org/package/newgrf/43411223,2026-01-04,"",1,"43411223"
,"ih_vehicle_family/falcon","Iron Horse 4 (Trains)",https://bananas.openttd.org/package/newgrf/43411223,2026-01-04,"",1,"43411223"
,"ih_vehicle_family/farm_cargo_hopper_combos","Iron Horse 4 (Trains)",https://bananas.openttd.org/package/newgrf/43411223,2026-01-04,"",1,"43411223"
,"ih_vehicle_family/farm_cargo_mixed_combos","Iron Horse 4 (Trains)",https://bananas.openttd.org/package/newgrf/43411223,2026-01-04,"",1,"43411223"
,"ih_vehicle_family/farm_product_box_car","Iron Horse 4 (Trains)",https://bananas.openttd.org/package/newgrf/43411223,2026-01-04,"",1,"43411223"
,"ih_vehicle_family/farm_product_hopper_car","Iron Horse 4 (Trains)",https://bananas.openttd.org/package/newgrf/43411223,2026-01-04,"",1,"43411223"
,"ih_vehicle_family/fireball","Iron Horse 4 (Trains)",https://bananas.openttd.org/package/newgrf/43411223,2026-01-04,"",1,"43411223"
,"ih_vehicle_family/firebird","Iron Horse 4 (Trains)",https://bananas.openttd.org/package/newgrf/43411223,2026-01-04,"",1,"43411223"
,"ih_vehicle_family/flanders_storm","Iron Horse 4 (Trains)",https://bananas.openttd.org/package/newgrf/43411223,2026-01-04,"",1,"43411223"
,"ih_vehicle_family/flat_car","Iron Horse 4 (Trains)",https://bananas.openttd.org/package/newgrf/43411223,2026-01-04,"",1,"43411223"
,"ih_vehicle_family/flatbed_cargo_combos","Iron Horse 4 (Trains)",https://bananas.openttd.org/package/newgrf/43411223,2026-01-04,"",1,"43411223"
,"ih_vehicle_family/fleet","Iron Horse 4 (Trains)",https://bananas.openttd.org/package/newgrf/43411223,2026-01-04,"",1,"43411223"
,"ih_vehicle_family/flindermouse","Iron Horse 4 (Trains)",https://bananas.openttd.org/package/newgrf/43411223,2026-01-04,"",1,"43411223"
,"ih_vehicle_family/food_express_box_combos","Iron Horse 4 (Trains)",https://bananas.openttd.org/package/newgrf/43411223,2026-01-04,"",1,"43411223"
,"ih_vehicle_family/food_express_liquid_combos","Iron Horse 4 (Trains)",https://bananas.openttd.org/package/newgrf/43411223,2026-01-04,"",1,"43411223"
,"ih_vehicle_family/food_express_tank_car","Iron Horse 4 (Trains)",https://bananas.openttd.org/package/newgrf/43411223,2026-01-04,"",1,"43411223"
,"ih_vehicle_family/food_hopper_car","Iron Horse 4 (Trains)",https://bananas.openttd.org/package/newgrf/43411223,2026-01-04,"",1,"43411223"
,"ih_vehicle_family/food_ingredients_hopper_combos","Iron Horse 4 (Trains)",https://bananas.openttd.org/package/newgrf/43411223,2026-01-04,"",1,"43411223"
,"ih_vehicle_family/food_ingredients_mixed_combos","Iron Horse 4 (Trains)",https://bananas.openttd.org/package/newgrf/43411223,2026-01-04,"",1,"43411223"
,"ih_vehicle_family/foxhound","Iron Horse 4 (Trains)",https://bananas.openttd.org/package/newgrf/43411223,2026-01-04,"",1,"43411223"
,"ih_vehicle_family/fury","Iron Horse 4 (Trains)",https://bananas.openttd.org/package/newgrf/43411223,2026-01-04,"",1,"43411223"
,"ih_vehicle_family/gargouille","Iron Horse 4 (Trains)",https://bananas.openttd.org/package/newgrf/43411223,2026-01-04,"",1,"43411223"
,"ih_vehicle_family/general_endeavour","Iron Horse 4 (Trains)",https://bananas.openttd.org/package/newgrf/43411223,2026-01-04,"",1,"43411223"
,"ih_vehicle_family/geronimo","Iron Horse 4 (Trains)",https://bananas.openttd.org/package/newgrf/43411223,2026-01-04,"",1,"43411223"
,"ih_vehicle_family/girt_licker","Iron Horse 4 (Trains)",https://bananas.openttd.org/package/newgrf/43411223,2026-01-04,"",1,"43411223"
,"ih_vehicle_family/golfinho","Iron Horse 4 (Trains)",https://bananas.openttd.org/package/newgrf/43411223,2026-01-04,"",1,"43411223"
,"ih_vehicle_family/goliath","Iron Horse 4 (Trains)",https://bananas.openttd.org/package/newgrf/43411223,2026-01-04,"",1,"43411223"
,"ih_vehicle_family/gowsty","Iron Horse 4 (Trains)",https://bananas.openttd.org/package/newgrf/43411223,2026-01-04,"",1,"43411223"
,"ih_vehicle_family/grid","Iron Horse 4 (Trains)",https://bananas.openttd.org/package/newgrf/43411223,2026-01-04,"",1,"43411223"
,"ih_vehicle_family/griffon","Iron Horse 4 (Trains)",https://bananas.openttd.org/package/newgrf/43411223,2026-01-04,"",1,"43411223"
,"ih_vehicle_family/grillage","Iron Horse 4 (Trains)",https://bananas.openttd.org/package/newgrf/43411223,2026-01-04,"",1,"43411223"
,"ih_vehicle_family/gronk","Iron Horse 4 (Trains)",https://bananas.openttd.org/package/newgrf/43411223,2026-01-04,"",1,"43411223"
,"ih_vehicle_family/growler","Iron Horse 4 (Trains)",https://bananas.openttd.org/package/newgrf/43411223,2026-01-04,"",1,"43411223"
,"ih_vehicle_family/grub","Iron Horse 4 (Trains)",https://bananas.openttd.org/package/newgrf/43411223,2026-01-04,"",1,"43411223"
,"ih_vehicle_family/haar","Iron Horse 4 (Trains)",https://bananas.openttd.org/package/newgrf/43411223,2026-01-04,"",1,"43411223"
,"ih_vehicle_family/hammersmith","Iron Horse 4 (Trains)",https://bananas.openttd.org/package/newgrf/43411223,2026-01-04,"",1,"43411223"
,"ih_vehicle_family/happy_train","Iron Horse 4 (Trains)",https://bananas.openttd.org/package/newgrf/43411223,2026-01-04,"",1,"43411223"
,"ih_vehicle_family/hawkinge","Iron Horse 4 (Trains)",https://bananas.openttd.org/package/newgrf/43411223,2026-01-04,"",1,"43411223"
,"ih_vehicle_family/heavy_duty_dump_car","Iron Horse 4 (Trains)",https://bananas.openttd.org/package/newgrf/43411223,2026-01-04,"",1,"43411223"
,"ih_vehicle_family/heavy_duty_flat_car","Iron Horse 4 (Trains)",https://bananas.openttd.org/package/newgrf/43411223,2026-01-04,"",1,"43411223"
,"ih_vehicle_family/helm_wind","Iron Horse 4 (Trains)",https://bananas.openttd.org/package/newgrf/43411223,2026-01-04,"",1,"43411223"
,"ih_vehicle_family/hercules","Iron Horse 4 (Trains)",https://bananas.openttd.org/package/newgrf/43411223,2026-01-04,"",1,"43411223"
,"ih_vehicle_family/high_flyer","Iron Horse 4 (Trains)",https://bananas.openttd.org/package/newgrf/43411223,2026-01-04,"",1,"43411223"
,"ih_vehicle_family/high_speed_mail_car","Iron Horse 4 (Trains)",https://bananas.openttd.org/package/newgrf/43411223,2026-01-04,"",1,"43411223"
,"ih_vehicle_family/high_speed_passenger_car","Iron Horse 4 (Trains)",https://bananas.openttd.org/package/newgrf/43411223,2026-01-04,"",1,"43411223"
,"ih_vehicle_family/highlander","Iron Horse 4 (Trains)",https://bananas.openttd.org/package/newgrf/43411223,2026-01-04,"",1,"43411223"
,"ih_vehicle_family/higuma","Iron Horse 4 (Trains)",https://bananas.openttd.org/package/newgrf/43411223,2026-01-04,"",1,"43411223"
,"ih_vehicle_family/hinterland","Iron Horse 4 (Trains)",https://bananas.openttd.org/package/newgrf/43411223,2026-01-04,"",1,"43411223"
,"ih_vehicle_family/hood_open_car_type_1","Iron Horse 4 (Trains)",https://bananas.openttd.org/package/newgrf/43411223,2026-01-04,"",1,"43411223"
,"ih_vehicle_family/hurly_burly","Iron Horse 4 (Trains)",https://bananas.openttd.org/package/newgrf/43411223,2026-01-04,"",1,"43411223"
,"ih_vehicle_family/ingot_car","Iron Horse 4 (Trains)",https://bananas.openttd.org/package/newgrf/43411223,2026-01-04,"",1,"43411223"
,"ih_vehicle_family/intermodal_car","Iron Horse 4 (Trains)",https://bananas.openttd.org/package/newgrf/43411223,2026-01-04,"",1,"43411223"
,"ih_vehicle_family/intrepid","Iron Horse 4 (Trains)",https://bananas.openttd.org/package/newgrf/43411223,2026-01-04,"",1,"43411223"
,"ih_vehicle_family/jupiter","Iron Horse 4 (Trains)",https://bananas.openttd.org/package/newgrf/43411223,2026-01-04,"",1,"43411223"
,"ih_vehicle_family/keen","Iron Horse 4 (Trains)",https://bananas.openttd.org/package/newgrf/43411223,2026-01-04,"",1,"43411223"
,"ih_vehicle_family/kelpie","Iron Horse 4 (Trains)",https://bananas.openttd.org/package/newgrf/43411223,2026-01-04,"",1,"43411223"
,"ih_vehicle_family/kraken","Iron Horse 4 (Trains)",https://bananas.openttd.org/package/newgrf/43411223,2026-01-04,"",1,"43411223"
,"ih_vehicle_family/lamia","Iron Horse 4 (Trains)",https://bananas.openttd.org/package/newgrf/43411223,2026-01-04,"",1,"43411223"
,"ih_vehicle_family/lark","Iron Horse 4 (Trains)",https://bananas.openttd.org/package/newgrf/43411223,2026-01-04,"",1,"43411223"
,"ih_vehicle_family/lebeche","Iron Horse 4 (Trains)",https://bananas.openttd.org/package/newgrf/43411223,2026-01-04,"",1,"43411223"
,"ih_vehicle_family/lemon","Iron Horse 4 (Trains)",https://bananas.openttd.org/package/newgrf/43411223,2026-01-04,"",1,"43411223"
,"ih_vehicle_family/lime_covered_hopper_car","Iron Horse 4 (Trains)",https://bananas.openttd.org/package/newgrf/43411223,2026-01-04,"",1,"43411223"
,"ih_vehicle_family/lion","Iron Horse 4 (Trains)",https://bananas.openttd.org/package/newgrf/43411223,2026-01-04,"",1,"43411223"
,"ih_vehicle_family/little_bear","Iron Horse 4 (Trains)",https://bananas.openttd.org/package/newgrf/43411223,2026-01-04,"",1,"43411223"
,"ih_vehicle_family/livestock_car","Iron Horse 4 (Trains)",https://bananas.openttd.org/package/newgrf/43411223,2026-01-04,"",1,"43411223"
,"ih_vehicle_family/livestock_express_car","Iron Horse 4 (Trains)",https://bananas.openttd.org/package/newgrf/43411223,2026-01-04,"",1,"43411223"
,"ih_vehicle_family/log_car","Iron Horse 4 (Trains)",https://bananas.openttd.org/package/newgrf/43411223,2026-01-04,"",1,"43411223"
,"ih_vehicle_family/longwater","Iron Horse 4 (Trains)",https://bananas.openttd.org/package/newgrf/43411223,2026-01-04,"",1,"43411223"
,"ih_vehicle_family/lynx","Iron Horse 4 (Trains)",https://bananas.openttd.org/package/newgrf/43411223,2026-01-04,"",1,"43411223"
,"ih_vehicle_family/machinery_car","Iron Horse 4 (Trains)",https://bananas.openttd.org/package/newgrf/43411223,2026-07-22,"",1,"43411223"
,"ih_vehicle_family/maelstrom","Iron Horse 4 (Trains)",https://bananas.openttd.org/package/newgrf/43411223,2026-01-04,"",1,"43411223"
,"ih_vehicle_family/magnum_vario","Iron Horse 4 (Trains)",https://bananas.openttd.org/package/newgrf/43411223,2026-03-02,"",1,"43411223"
,"ih_vehicle_family/mail_car","Iron Horse 4 (Trains)",https://bananas.openttd.org/package/newgrf/43411223,2026-01-04,"",1,"43411223"
,"ih_vehicle_family/mainstay","Iron Horse 4 (Trains)",https://bananas.openttd.org/package/newgrf/43411223,2026-01-04,"",1,"43411223"
,"ih_vehicle_family/merchandise_box_car","Iron Horse 4 (Trains)",https://bananas.openttd.org/package/newgrf/43411223,2026-01-04,"",1,"43411223"
,"ih_vehicle_family/merlion","Iron Horse 4 (Trains)",https://bananas.openttd.org/package/newgrf/43411223,2026-01-04,"",1,"43411223"
,"ih_vehicle_family/merrylegs","Iron Horse 4 (Trains)",https://bananas.openttd.org/package/newgrf/43411223,2026-01-04,"",1,"43411223"
,"ih_vehicle_family/metal_product_covered_combos","Iron Horse 4 (Trains)",https://bananas.openttd.org/package/newgrf/43411223,2026-01-04,"",1,"43411223"
,"ih_vehicle_family/metal_product_mixed_combos","Iron Horse 4 (Trains)",https://bananas.openttd.org/package/newgrf/43411223,2026-01-04,"",1,"43411223"
,"ih_vehicle_family/metro_mail_car","Iron Horse 4 (Trains)",https://bananas.openttd.org/package/newgrf/43411223,2026-07-22,"",1,"43411223"
,"ih_vehicle_family/metro_passenger_car","Iron Horse 4 (Trains)",https://bananas.openttd.org/package/newgrf/43411223,2026-07-22,"",1,"43411223"
,"ih_vehicle_family/mgr_hopper_car","Iron Horse 4 (Trains)",https://bananas.openttd.org/package/newgrf/43411223,2026-01-04,"",1,"43411223"
,"ih_vehicle_family/mill_flat_car","Iron Horse 4 (Trains)",https://bananas.openttd.org/package/newgrf/43411223,2026-01-04,"",1,"43411223"
,"ih_vehicle_family/mill_open_car","Iron Horse 4 (Trains)",https://bananas.openttd.org/package/newgrf/43411223,2026-01-04,"",1,"43411223"
,"ih_vehicle_family/mineral_covered_hopper_combos","Iron Horse 4 (Trains)",https://bananas.openttd.org/package/newgrf/43411223,2026-01-04,"",1,"43411223"
,"ih_vehicle_family/moor_gallop","Iron Horse 4 (Trains)",https://bananas.openttd.org/package/newgrf/43411223,2026-01-04,"",1,"43411223"
,"ih_vehicle_family/motorail_automobile_car","Iron Horse 4 (Trains)",https://bananas.openttd.org/package/newgrf/43411223,2026-01-04,"",1,"43411223"
,"ih_vehicle_family/mulberry","Iron Horse 4 (Trains)",https://bananas.openttd.org/package/newgrf/43411223,2026-01-04,"",1,"43411223"
,"ih_vehicle_family/mumble","Iron Horse 4 (Trains)",https://bananas.openttd.org/package/newgrf/43411223,2026-01-04,"",1,"43411223"
,"ih_vehicle_family/nile","Iron Horse 4 (Trains)",https://bananas.openttd.org/package/newgrf/43411223,2026-01-04,"",1,"43411223"
,"ih_vehicle_family/nimbus","Iron Horse 4 (Trains)",https://bananas.openttd.org/package/newgrf/43411223,2026-01-04,"",1,"43411223"
,"ih_vehicle_family/olympic","Iron Horse 4 (Trains)",https://bananas.openttd.org/package/newgrf/43411223,2026-01-04,"",1,"43411223"
,"ih_vehicle_family/onslaught","Iron Horse 4 (Trains)",https://bananas.openttd.org/package/newgrf/43411223,2026-01-04,"",1,"43411223"
,"ih_vehicle_family/open_car","Iron Horse 4 (Trains)",https://bananas.openttd.org/package/newgrf/43411223,2026-01-04,"",1,"43411223"
,"ih_vehicle_family/open_car_combos","Iron Horse 4 (Trains)",https://bananas.openttd.org/package/newgrf/43411223,2026-01-04,"",1,"43411223"
,"ih_vehicle_family/open_car_randomised","Iron Horse 4 (Trains)",https://bananas.openttd.org/package/newgrf/43411223,2026-01-04,"",1,"43411223"
,"ih_vehicle_family/ore_hopper_car","Iron Horse 4 (Trains)",https://bananas.openttd.org/package/newgrf/43411223,2026-06-09,"",1,"43411223"
,"ih_vehicle_family/ox","Iron Horse 4 (Trains)",https://bananas.openttd.org/package/newgrf/43411223,2026-01-04,"",1,"43411223"
,"ih_vehicle_family/panoramic_car","Iron Horse 4 (Trains)",https://bananas.openttd.org/package/newgrf/43411223,2026-01-04,"",1,"43411223"
,"ih_vehicle_family/passenger_car","Iron Horse 4 (Trains)",https://bananas.openttd.org/package/newgrf/43411223,2026-01-04,"",1,"43411223"
,"ih_vehicle_family/peasweep","Iron Horse 4 (Trains)",https://bananas.openttd.org/package/newgrf/43411223,2026-01-04,"",1,"43411223"
,"ih_vehicle_family/peat_car","Iron Horse 4 (Trains)",https://bananas.openttd.org/package/newgrf/43411223,2026-01-04,"",1,"43411223"
,"ih_vehicle_family/pegasus","Iron Horse 4 (Trains)",https://bananas.openttd.org/package/newgrf/43411223,2026-01-04,"",1,"43411223"
,"ih_vehicle_family/phoenix","Iron Horse 4 (Trains)",https://bananas.openttd.org/package/newgrf/43411223,2026-01-04,"",1,"43411223"
,"ih_vehicle_family/piece_goods_covered_combos","Iron Horse 4 (Trains)",https://bananas.openttd.org/package/newgrf/43411223,2026-01-04,"",1,"43411223"
,"ih_vehicle_family/piece_goods_easiloader_combos","Iron Horse 4 (Trains)",https://bananas.openttd.org/package/newgrf/43411223,2026-01-04,"",1,"43411223"
,"ih_vehicle_family/piece_goods_manufacturing_parts_combos","Iron Horse 4 (Trains)",https://bananas.openttd.org/package/newgrf/43411223,2026-01-04,"",1,"43411223"
,"ih_vehicle_family/piece_goods_mixed_combos","Iron Horse 4 (Trains)",https://bananas.openttd.org/package/newgrf/43411223,2026-01-04,"",1,"43411223"
,"ih_vehicle_family/pika","Iron Horse 4 (Trains)",https://bananas.openttd.org/package/newgrf/43411223,2026-01-04,"",1,"43411223"
,"ih_vehicle_family/pikel","Iron Horse 4 (Trains)",https://bananas.openttd.org/package/newgrf/43411223,2026-01-04,"",1,"43411223"
,"ih_vehicle_family/pinhorse","Iron Horse 4 (Trains)",https://bananas.openttd.org/package/newgrf/43411223,2026-01-04,"",1,"43411223"
,"ih_vehicle_family/pipe_car","Iron Horse 4 (Trains)",https://bananas.openttd.org/package/newgrf/43411223,2026-01-04,"",1,"43411223"
,"ih_vehicle_family/plastic_postbox","Iron Horse 4 (Trains)",https://bananas.openttd.org/package/newgrf/43411223,2026-01-04,"",1,"43411223"
,"ih_vehicle_family/poplar","Iron Horse 4 (Trains)",https://bananas.openttd.org/package/newgrf/43411223,2026-01-04,"",1,"43411223"
,"ih_vehicle_family/post_office_car","Iron Horse 4 (Trains)",https://bananas.openttd.org/package/newgrf/43411223,2026-07-04,"",1,"43411223"
,"ih_vehicle_family/pressure_tank_car","Iron Horse 4 (Trains)",https://bananas.openttd.org/package/newgrf/43411223,2026-01-04,"",1,"43411223"
,"ih_vehicle_family/product_tank_car","Iron Horse 4 (Trains)",https://bananas.openttd.org/package/newgrf/43411223,2026-01-04,"",1,"43411223"
,"ih_vehicle_family/progress","Iron Horse 4 (Trains)",https://bananas.openttd.org/package/newgrf/43411223,2026-01-04,"",1,"43411223"
,"ih_vehicle_family/proper_job","Iron Horse 4 (Trains)",https://bananas.openttd.org/package/newgrf/43411223,2026-01-04,"",1,"43411223"
,"ih_vehicle_family/pylon","Iron Horse 4 (Trains)",https://bananas.openttd.org/package/newgrf/43411223,2026-01-04,"",1,"43411223"
,"ih_vehicle_family/quietus","Iron Horse 4 (Trains)",https://bananas.openttd.org/package/newgrf/43411223,2026-01-04,"",1,"43411223"
,"ih_vehicle_family/rapid","Iron Horse 4 (Trains)",https://bananas.openttd.org/package/newgrf/43411223,2026-01-04,"",1,"43411223"
,"ih_vehicle_family/rat","Iron Horse 4 (Trains)",https://bananas.openttd.org/package/newgrf/43411223,2026-01-04,"",1,"43411223"
,"ih_vehicle_family/ravensbourne","Iron Horse 4 (Trains)",https://bananas.openttd.org/package/newgrf/43411223,2026-01-04,"",1,"43411223"
,"ih_vehicle_family/reefer_car","Iron Horse 4 (Trains)",https://bananas.openttd.org/package/newgrf/43411223,2026-01-04,"",1,"43411223"
,"ih_vehicle_family/relentless","Iron Horse 4 (Trains)",https://bananas.openttd.org/package/newgrf/43411223,2026-01-04,"",1,"43411223"
,"ih_vehicle_family/reliance","Iron Horse 4 (Trains)",https://bananas.openttd.org/package/newgrf/43411223,2026-01-04,"",1,"43411223"
,"ih_vehicle_family/resilient","Iron Horse 4 (Trains)",https://bananas.openttd.org/package/newgrf/43411223,2026-01-04,"",1,"43411223"
,"ih_vehicle_family/resistance","Iron Horse 4 (Trains)",https://bananas.openttd.org/package/newgrf/43411223,2026-01-04,"",1,"43411223"
,"ih_vehicle_family/restaurant_car","Iron Horse 4 (Trains)",https://bananas.openttd.org/package/newgrf/43411223,2026-01-04,"",1,"43411223"
,"ih_vehicle_family/revolution","Iron Horse 4 (Trains)",https://bananas.openttd.org/package/newgrf/43411223,2026-01-04,"",1,"43411223"
,"ih_vehicle_family/roarer","Iron Horse 4 (Trains)",https://bananas.openttd.org/package/newgrf/43411223,2026-01-04,"",1,"43411223"
,"ih_vehicle_family/rock_hopper_car","Iron Horse 4 (Trains)",https://bananas.openttd.org/package/newgrf/43411223,2026-01-04,"",1,"43411223"
,"ih_vehicle_family/rockhampton","Iron Horse 4 (Trains)",https://bananas.openttd.org/package/newgrf/43411223,2026-01-04,"",1,"43411223"
,"ih_vehicle_family/roller_roof_hopper_car","Iron Horse 4 (Trains)",https://bananas.openttd.org/package/newgrf/43411223,2026-01-04,"",1,"43411223"
,"ih_vehicle_family/ruby","Iron Horse 4 (Trains)",https://bananas.openttd.org/package/newgrf/43411223,2026-01-04,"",1,"43411223"
,"ih_vehicle_family/salt_covered_hopper_car","Iron Horse 4 (Trains)",https://bananas.openttd.org/package/newgrf/43411223,2026-01-04,"",1,"43411223"
,"ih_vehicle_family/sand_bulk_open_car","Iron Horse 4 (Trains)",https://bananas.openttd.org/package/newgrf/43411223,2026-06-09,"",1,"43411223"
,"ih_vehicle_family/satyr","Iron Horse 4 (Trains)",https://bananas.openttd.org/package/newgrf/43411223,2026-01-04,"",1,"43411223"
,"ih_vehicle_family/saxon","Iron Horse 4 (Trains)",https://bananas.openttd.org/package/newgrf/43411223,2026-01-04,"",1,"43411223"
,"ih_vehicle_family/scooby","Iron Horse 4 (Trains)",https://bananas.openttd.org/package/newgrf/43411223,2026-01-04,"",1,"43411223"
,"ih_vehicle_family/scrap_metal_car","Iron Horse 4 (Trains)",https://bananas.openttd.org/package/newgrf/43411223,2026-01-04,"",1,"43411223"
,"ih_vehicle_family/screamer","Iron Horse 4 (Trains)",https://bananas.openttd.org/package/newgrf/43411223,2026-01-04,"",1,"43411223"
,"ih_vehicle_family/serpentine","Iron Horse 4 (Trains)",https://bananas.openttd.org/package/newgrf/43411223,2026-01-04,"",1,"43411223"
,"ih_vehicle_family/shoebox","Iron Horse 4 (Trains)",https://bananas.openttd.org/package/newgrf/43411223,2026-01-04,"",1,"43411223"
,"ih_vehicle_family/shredder","Iron Horse 4 (Trains)",https://bananas.openttd.org/package/newgrf/43411223,2026-01-04,"",1,"43411223"
,"ih_vehicle_family/side_door_hopper_car","Iron Horse 4 (Trains)",https://bananas.openttd.org/package/newgrf/43411223,2026-01-04,"",1,"43411223"
,"ih_vehicle_family/silo_car","Iron Horse 4 (Trains)",https://bananas.openttd.org/package/newgrf/43411223,2026-01-04,"",1,"43411223"
,"ih_vehicle_family/sizzler","Iron Horse 4 (Trains)",https://bananas.openttd.org/package/newgrf/43411223,2026-01-04,"",1,"43411223"
,"ih_vehicle_family/skeiron","Iron Horse 4 (Trains)",https://bananas.openttd.org/package/newgrf/43411223,2026-01-04,"",1,"43411223"
,"ih_vehicle_family/skip_car","Iron Horse 4 (Trains)",https://bananas.openttd.org/package/newgrf/43411223,2026-01-04,"",1,"43411223"
,"ih_vehicle_family/skipper","Iron Horse 4 (Trains)",https://bananas.openttd.org/package/newgrf/43411223,2026-01-04,"",1,"43411223"
,"ih_vehicle_family/slag_ladle_car","Iron Horse 4 (Trains)",https://bananas.openttd.org/package/newgrf/43411223,2026-01-04,"",1,"43411223"
,"ih_vehicle_family/slammer","Iron Horse 4 (Trains)",https://bananas.openttd.org/package/newgrf/43411223,2026-01-04,"",1,"43411223"
,"ih_vehicle_family/sliding_roof_car","Iron Horse 4 (Trains)",https://bananas.openttd.org/package/newgrf/43411223,2026-01-04,"",1,"43411223"
,"ih_vehicle_family/sliding_roof_hi_cube_car","Iron Horse 4 (Trains)",https://bananas.openttd.org/package/newgrf/43411223,2026-01-04,"",1,"43411223"
,"ih_vehicle_family/sliding_wall_car","Iron Horse 4 (Trains)",https://bananas.openttd.org/package/newgrf/43411223,2026-01-04,"",1,"43411223"
,"ih_vehicle_family/smizzle","Iron Horse 4 (Trains)",https://bananas.openttd.org/package/newgrf/43411223,2026-01-04,"",1,"43411223"
,"ih_vehicle_family/snapper","Iron Horse 4 (Trains)",https://bananas.openttd.org/package/newgrf/43411223,2026-01-04,"",1,"43411223"
,"ih_vehicle_family/snowplough_pony_gen_2","Iron Horse 4 (Trains)",https://bananas.openttd.org/package/newgrf/43411223,2026-01-04,"",1,"43411223"
,"ih_vehicle_family/solano","Iron Horse 4 (Trains)",https://bananas.openttd.org/package/newgrf/43411223,2026-01-04,"",1,"43411223"
,"ih_vehicle_family/spacer_car","Iron Horse 4 (Trains)",https://bananas.openttd.org/package/newgrf/43411223,2026-01-04,"",1,"43411223"
,"ih_vehicle_family/spinner","Iron Horse 4 (Trains)",https://bananas.openttd.org/package/newgrf/43411223,2026-01-04,"",1,"43411223"
,"ih_vehicle_family/stag","Iron Horse 4 (Trains)",https://bananas.openttd.org/package/newgrf/43411223,2026-01-04,"",1,"43411223"
,"ih_vehicle_family/stalwart","Iron Horse 4 (Trains)",https://bananas.openttd.org/package/newgrf/43411223,2026-01-04,"",1,"43411223"
,"ih_vehicle_family/stentor","Iron Horse 4 (Trains)",https://bananas.openttd.org/package/newgrf/43411223,2026-01-04,"",1,"43411223"
,"ih_vehicle_family/stoat","Iron Horse 4 (Trains)",https://bananas.openttd.org/package/newgrf/43411223,2026-01-04,"",1,"43411223"
,"ih_vehicle_family/stratos","Iron Horse 4 (Trains)",https://bananas.openttd.org/package/newgrf/43411223,2026-01-04,"",1,"43411223"
,"ih_vehicle_family/streamer","Iron Horse 4 (Trains)",https://bananas.openttd.org/package/newgrf/43411223,2026-01-04,"",1,"43411223"
,"ih_vehicle_family/strongbow","Iron Horse 4 (Trains)",https://bananas.openttd.org/package/newgrf/43411223,2026-01-04,"",1,"43411223"
,"ih_vehicle_family/suburban_passenger_car","Iron Horse 4 (Trains)",https://bananas.openttd.org/package/newgrf/43411223,2026-01-04,"",1,"43411223"
,"ih_vehicle_family/sunshine_coast","Iron Horse 4 (Trains)",https://bananas.openttd.org/package/newgrf/43411223,2026-01-04,"",1,"43411223"
,"ih_vehicle_family/swift","Iron Horse 4 (Trains)",https://bananas.openttd.org/package/newgrf/43411223,2026-01-04,"",1,"43411223"
,"ih_vehicle_family/swing_roof_hopper_car","Iron Horse 4 (Trains)",https://bananas.openttd.org/package/newgrf/43411223,2026-01-04,"",1,"43411223"
,"ih_vehicle_family/tank_car","Iron Horse 4 (Trains)",https://bananas.openttd.org/package/newgrf/43411223,2026-01-04,"",1,"43411223"
,"ih_vehicle_family/tarpaulin_car","Iron Horse 4 (Trains)",https://bananas.openttd.org/package/newgrf/43411223,2026-01-04,"",1,"43411223"
,"ih_vehicle_family/tenacious","Iron Horse 4 (Trains)",https://bananas.openttd.org/package/newgrf/43411223,2026-01-04,"",1,"43411223"
,"ih_vehicle_family/tencendur","Iron Horse 4 (Trains)",https://bananas.openttd.org/package/newgrf/43411223,2026-01-04,"",1,"43411223"
,"ih_vehicle_family/thor","Iron Horse 4 (Trains)",https://bananas.openttd.org/package/newgrf/43411223,2026-01-04,"",1,"43411223"
,"ih_vehicle_family/thunderer","Iron Horse 4 (Trains)",https://bananas.openttd.org/package/newgrf/43411223,2026-01-04,"",1,"43411223"
,"ih_vehicle_family/tideway","Iron Horse 4 (Trains)",https://bananas.openttd.org/package/newgrf/43411223,2026-01-04,"",1,"43411223"
,"ih_vehicle_family/tin_rocket","Iron Horse 4 (Trains)",https://bananas.openttd.org/package/newgrf/43411223,2026-01-04,"",1,"43411223"
,"ih_vehicle_family/tincans","Iron Horse 4 (Trains)",https://bananas.openttd.org/package/newgrf/43411223,2026-01-04,"",1,"43411223"
,"ih_vehicle_family/tippler_bulk_open_car","Iron Horse 4 (Trains)",https://bananas.openttd.org/package/newgrf/43411223,2026-01-04,"",1,"43411223"
,"ih_vehicle_family/toaster","Iron Horse 4 (Trains)",https://bananas.openttd.org/package/newgrf/43411223,2026-01-04,"",1,"43411223"
,"ih_vehicle_family/tornado","Iron Horse 4 (Trains)",https://bananas.openttd.org/package/newgrf/43411223,2026-01-04,"",1,"43411223"
,"ih_vehicle_family/torpedo_car","Iron Horse 4 (Trains)",https://bananas.openttd.org/package/newgrf/43411223,2026-01-04,"",1,"43411223"
,"ih_vehicle_family/trojan","Iron Horse 4 (Trains)",https://bananas.openttd.org/package/newgrf/43411223,2026-01-04,"",1,"43411223"
,"ih_vehicle_family/turbulent","Iron Horse 4 (Trains)",https://bananas.openttd.org/package/newgrf/43411223,2026-01-04,"",1,"43411223"
,"ih_vehicle_family/tyburn","Iron Horse 4 (Trains)",https://bananas.openttd.org/package/newgrf/43411223,2026-01-04,"",1,"43411223"
,"ih_vehicle_family/typhoon","Iron Horse 4 (Trains)",https://bananas.openttd.org/package/newgrf/43411223,2026-01-04,"",1,"43411223"
,"ih_vehicle_family/tyrconnell","Iron Horse 4 (Trains)",https://bananas.openttd.org/package/newgrf/43411223,2026-01-04,"",1,"43411223"
,"ih_vehicle_family/ultra_shoebox","Iron Horse 4 (Trains)",https://bananas.openttd.org/package/newgrf/43411223,2026-01-04,"",1,"43411223"
,"ih_vehicle_family/vigilant","Iron Horse 4 (Trains)",https://bananas.openttd.org/package/newgrf/43411223,2026-01-04,"",1,"43411223"
,"ih_vehicle_family/viking","Iron Horse 4 (Trains)",https://bananas.openttd.org/package/newgrf/43411223,2026-01-04,"",1,"43411223"
,"ih_vehicle_family/volatiles_tank_car","Iron Horse 4 (Trains)",https://bananas.openttd.org/package/newgrf/43411223,2026-01-04,"",1,"43411223"
,"ih_vehicle_family/vulcan","Iron Horse 4 (Trains)",https://bananas.openttd.org/package/newgrf/43411223,2026-01-04,"",1,"43411223"
,"ih_vehicle_family/walbrook","Iron Horse 4 (Trains)",https://bananas.openttd.org/package/newgrf/43411223,2026-01-04,"",1,"43411223"
,"ih_vehicle_family/wandle","Iron Horse 4 (Trains)",https://bananas.openttd.org/package/newgrf/43411223,2026-01-04,"",1,"43411223"
,"ih_vehicle_family/westbourne","Iron Horse 4 (Trains)",https://bananas.openttd.org/package/newgrf/43411223,2026-01-04,"",1,"43411223"
,"ih_vehicle_family/westrail","Iron Horse 4 (Trains)",https://bananas.openttd.org/package/newgrf/43411223,2026-01-04,"",1,"43411223"
,"ih_vehicle_family/wildfire","Iron Horse 4 (Trains)",https://bananas.openttd.org/package/newgrf/43411223,2026-01-04,"",1,"43411223"
,"ih_vehicle_family/withershins","Iron Horse 4 (Trains)",https://bananas.openttd.org/package/newgrf/43411223,2026-01-04,"",1,"43411223"
,"ih_vehicle_family/wyvern","Iron Horse 4 (Trains)",https://bananas.openttd.org/package/newgrf/43411223,2026-01-04,"",1,"43411223"
,"ih_vehicle_family/xerxes","Iron Horse 4 (Trains)",https://bananas.openttd.org/package/newgrf/43411223,2026-01-04,"",1,"43411223"
,"ih_vehicle_family/yak","Iron Horse 4 (Trains)",https://bananas.openttd.org/package/newgrf/43411223,2026-01-04,"",1,"43411223"
,"ih_vehicle_family/yillen","Iron Horse 4 (Trains)",https://bananas.openttd.org/package/newgrf/43411223,2026-01-04,"",1,"43411223"
,"ih_vehicle_family/zebedee","Iron Horse 4 (Trains)",https://bananas.openttd.org/package/newgrf/43411223,2026-01-04,"",1,"43411223"
,"ih_vehicle_family/zest","Iron Horse 4 (Trains)",https://bananas.openttd.org/package/newgrf/43411223,2026-01-04,"",1,"43411223"
,"ih_vehicle_family/zeus","Iron Horse 4 (Trains)",https://bananas.openttd.org/package/newgrf/43411223,2026-01-04,"",1,"43411223"
,"ih_vehicle_family/zorro","Iron Horse 4 (Trains)",https://bananas.openttd.org/package/newgrf/43411223,2026-01-04,"",1,"43411223"
[lanterns],Label,Introduced by,Hyperlink,When,Comment,Occurrences,Using GRFIDs
,"lanterns/black","Polish-Stations",https://bananas.openttd.org/package/newgrf/50530001,2026-02-12,"Black",2,"50530001 fb300c4b"
,"lanterns/old","Polish-Stations",https://bananas.openttd.org/package/newgrf/50530001,2026-02-12,"Old",2,"50530001 fb300c4b"
,"lanterns/white","Polish-Stations",https://bananas.openttd.org/package/newgrf/50530001,2026-02-12,"White",2,"50530001 fb300c4b"
[livery],Label,Introduced by,Hyperlink,When,Comment,Occurrences,Using GRFIDs
,"livery/2cc",OpenTTD default badges,https://github.com/OpenTTD/OpenTTD/pull/13655,2025-02-27,"Dual company colour (2CC)",2,"504e53ff fb300c4b"
,"livery/iron_horse","Ultimate Badge Set",https://bananas.openttd.org/package/newgrf/fb300c4b,2026-08-07,"Iron Horse",1,"fb300c4b"
,"livery/iron_horse/banger_blue","Iron Horse 4 (Trains)",https://bananas.openttd.org/package/newgrf/43411223,2026-01-04,"Basic Banger",2,"43411223 fb300c4b"
,"livery/iron_horse/classic_lines","Iron Horse 4 (Trains)",https://bananas.openttd.org/package/newgrf/43411223,2026-01-04,"Classic Lines",2,"43411223 fb300c4b"
,"livery/iron_horse/company_colour","Iron Horse 4 (Trains)",https://bananas.openttd.org/package/newgrf/43411223,2026-01-04,"Company Colour",2,"43411223 fb300c4b"
,"livery/iron_horse/complement_company_colour","Iron Horse 4 (Trains)",https://bananas.openttd.org/package/newgrf/43411223,2026-01-04,"Company Colour Adjacent",2,"43411223 fb300c4b"
,"livery/iron_horse/conventional_wisdom","Iron Horse 4 (Trains)",https://bananas.openttd.org/package/newgrf/43411223,2026-01-04,"Conventional Wisdom",2,"43411223 fb300c4b"
,"livery/iron_horse/freight_black","Iron Horse 4 (Trains)",https://bananas.openttd.org/package/newgrf/43411223,2026-01-04,"Dark Horse",2,"43411223 fb300c4b"
,"livery/iron_horse/freight_kale","Iron Horse 4 (Trains)",https://bananas.openttd.org/package/newgrf/43411223,2026-06-09,"Kale",2,"43411223 fb300c4b"
,"livery/iron_horse/freight_red","Iron Horse 4 (Trains)",https://bananas.openttd.org/package/newgrf/43411223,2026-01-04,"Flame Red",2,"43411223 fb300c4b"
,"livery/iron_horse/fruit_ripple","Iron Horse 4 (Trains)",https://bananas.openttd.org/package/newgrf/43411223,2026-01-04,"Fruit Ripple",2,"43411223 fb300c4b"
,"livery/iron_horse/grey_horse","Iron Horse 4 (Trains)",https://bananas.openttd.org/package/newgrf/43411223,2026-01-04,"Grey Horse",2,"43411223 fb300c4b"
,"livery/iron_horse/hornet","Iron Horse 4 (Trains)",https://bananas.openttd.org/package/newgrf/43411223,2026-04-11,"Hornet",2,"43411223 fb300c4b"
,"livery/iron_horse/industrial_yellow","Iron Horse 4 (Trains)",https://bananas.openttd.org/package/newgrf/43411223,2026-01-04,"Hazard Yellow",2,"43411223 fb300c4b"
,"livery/iron_horse/inversions","Iron Horse 4 (Trains)",https://bananas.openttd.org/package/newgrf/43411223,2026-01-04,"Inversions",2,"43411223 fb300c4b"
,"livery/iron_horse/lower_lines","Iron Horse 4 (Trains)",https://bananas.openttd.org/package/newgrf/43411223,2026-01-04,"Lower Lines",2,"43411223 fb300c4b"
,"livery/iron_horse/mail_by_rail","Iron Horse 4 (Trains)",https://bananas.openttd.org/package/newgrf/43411223,2026-01-04,"Mail by Rail",2,"43411223 fb300c4b"
,"livery/iron_horse/marginal_gains","Iron Horse 4 (Trains)",https://bananas.openttd.org/package/newgrf/43411223,2026-02-01,"Marginal Gains",2,"43411223 fb300c4b"
,"livery/iron_horse/metroland","Iron Horse 4 (Trains)",https://bananas.openttd.org/package/newgrf/43411223,2026-01-04,"Metroland",2,"43411223 fb300c4b"
,"livery/iron_horse/rain_or_shine","Iron Horse 4 (Trains)",https://bananas.openttd.org/package/newgrf/43411223,2026-02-01,"Rain or Shine",2,"43411223 fb300c4b"
,"livery/iron_horse/random_liveries_bumblebee","Iron Horse 4 (Trains)",https://bananas.openttd.org/package/newgrf/43411223,2026-01-04,"Bumblebee",2,"43411223 fb300c4b"
,"livery/iron_horse/random_liveries_clover_ochre_sand","Iron Horse 4 (Trains)",https://bananas.openttd.org/package/newgrf/43411223,2026-06-09,"Marsh Grass",2,"43411223 fb300c4b"
,"livery/iron_horse/random_liveries_clover_ochre_silver","Iron Horse 4 (Trains)",https://bananas.openttd.org/package/newgrf/43411223,2026-06-09,"Clover Fields",2,"43411223 fb300c4b"
,"livery/iron_horse/random_liveries_clover_ochre_sulphur","Iron Horse 4 (Trains)",https://bananas.openttd.org/package/newgrf/43411223,2026-01-04,"Pineapple",2,"43411223 fb300c4b"
,"livery/iron_horse/random_liveries_complement_company_colour","Iron Horse 4 (Trains)",https://bananas.openttd.org/package/newgrf/43411223,2026-01-04,"Company Colour Mix",2,"43411223 fb300c4b"
,"livery/iron_horse/random_liveries_grey_rust_nightshade","Iron Horse 4 (Trains)",https://bananas.openttd.org/package/newgrf/43411223,2026-01-04,"Rustbelt",2,"43411223 fb300c4b"
,"livery/iron_horse/random_liveries_ochre_sand","Iron Horse 4 (Trains)",https://bananas.openttd.org/package/newgrf/43411223,2026-01-04,"Desert Sand",2,"43411223 fb300c4b"
,"livery/iron_horse/random_liveries_oil_black_obsidian_nightshade","Iron Horse 4 (Trains)",https://bananas.openttd.org/package/newgrf/43411223,2026-01-04,"Night Black",2,"43411223 fb300c4b"
,"livery/iron_horse/random_liveries_oxide_rust","Iron Horse 4 (Trains)",https://bananas.openttd.org/package/newgrf/43411223,2026-01-04,"Oxide",2,"43411223 fb300c4b"
,"livery/iron_horse/random_liveries_silver_grey_pewter","Iron Horse 4 (Trains)",https://bananas.openttd.org/package/newgrf/43411223,2026-01-04,"Silver Smoke",2,"43411223 fb300c4b"
,"livery/iron_horse/random_liveries_silver_pewter","Iron Horse 4 (Trains)",https://bananas.openttd.org/package/newgrf/43411223,2026-01-04,"Platinum",2,"43411223 fb300c4b"
,"livery/iron_horse/random_liveries_sulphur_ochre","Iron Horse 4 (Trains)",https://bananas.openttd.org/package/newgrf/43411223,2026-01-04,"Sulphur Mix",2,"43411223 fb300c4b"
,"livery/iron_horse/random_liveries_teal_ocean_teal","Iron Horse 4 (Trains)",https://bananas.openttd.org/package/newgrf/43411223,2026-01-04,"Ocean Teal",2,"43411223 fb300c4b"
,"livery/iron_horse/random_liveries_teal_pewter_silver","Iron Horse 4 (Trains)",https://bananas.openttd.org/package/newgrf/43411223,2026-01-04,"Ocean Silver",2,"43411223 fb300c4b"
,"livery/iron_horse/random_liveries_variety_ferrous","Iron Horse 4 (Trains)",https://bananas.openttd.org/package/newgrf/43411223,2026-06-09,"Ferrous",2,"43411223 fb300c4b"
,"livery/iron_horse/random_liveries_variety_gemstone","Iron Horse 4 (Trains)",https://bananas.openttd.org/package/newgrf/43411223,2026-01-04,"Gemstone",2,"43411223 fb300c4b"
,"livery/iron_horse/random_liveries_variety_limewash","Iron Horse 4 (Trains)",https://bananas.openttd.org/package/newgrf/43411223,2026-01-04,"Limewash",2,"43411223 fb300c4b"
,"livery/iron_horse/random_liveries_violet_teal_ocean_teal","Iron Horse 4 (Trains)",https://bananas.openttd.org/package/newgrf/43411223,2026-01-04,"Soap Bubbles",2,"43411223 fb300c4b"
,"livery/iron_horse/ridewell","Iron Horse 4 (Trains)",https://bananas.openttd.org/package/newgrf/43411223,2026-01-04,"Ridewell",2,"43411223 fb300c4b"
,"livery/iron_horse/show_pony","Iron Horse 4 (Trains)",https://bananas.openttd.org/package/newgrf/43411223,2026-01-04,"Specials",2,"43411223 fb300c4b"
,"livery/iron_horse/stock_standard","Iron Horse 4 (Trains)",https://bananas.openttd.org/package/newgrf/43411223,2026-01-04,"Stock Standard",2,"43411223 fb300c4b"
,"livery/iron_horse/supergraphic","Iron Horse 4 (Trains)",https://bananas.openttd.org/package/newgrf/43411223,2026-01-04,"Supergraphic",2,"43411223 fb300c4b"
,"livery/iron_horse/sure_pace","Iron Horse 4 (Trains)",https://bananas.openttd.org/package/newgrf/43411223,2026-01-04,"Sure Pace",2,"43411223 fb300c4b"
,"livery/iron_horse/vanilla","Iron Horse 4 (Trains)",https://bananas.openttd.org/package/newgrf/43411223,2026-01-04,"VANILLA",2,"43411223 fb300c4b"
,"livery/iron_horse/vapid_voyager","Iron Horse 4 (Trains)",https://bananas.openttd.org/package/newgrf/43411223,2026-01-04,"Vapid Voyager",2,"43411223 fb300c4b"
,"livery/iron_horse/vinyl_vector","Iron Horse 4 (Trains)",https://bananas.openttd.org/package/newgrf/43411223,2026-01-04,"Vinyl Vector",2,"43411223 fb300c4b"
,"livery/iron_horse/workhorse","Iron Horse 4 (Trains)",https://bananas.openttd.org/package/newgrf/43411223,2026-01-04,"Work Horse",2,"43411223 fb300c4b"
,"livery/random","Ultimate Badge Set",https://bananas.openttd.org/package/newgrf/fb300c4b,2026-08-07,"Random",1,"fb300c4b"
,"livery/random/1cc",OpenTTD default badges,https://github.com/OpenTTD/OpenTTD/pull/13655,2025-02-27,"Random based on first company colour",2,"504e53ff fb300c4b"
,"livery/random/2cc",OpenTTD default badges,https://github.com/OpenTTD/OpenTTD/pull/13655,2025-02-27,"Random based on second company colour",2,"504e53ff fb300c4b"
[newgrf],Label,Introduced by,Hyperlink,When,Comment,Occurrences,Using GRFIDs
,"newgrf/43411223","Iron Horse 4 (Trains)",https://bananas.openttd.org/package/newgrf/43411223,2026-01-04,"",1,"43411223"
[operator],Label,Introduced by,Hyperlink,When,Comment,Occurrences,Using GRFIDs
[platform_colour],Label,Introduced by,Hyperlink,When,Comment,Occurrences,Using GRFIDs
,"platform_colour/gravel","Polish-Stations",https://bananas.openttd.org/package/newgrf/50530001,2026-02-12,"Brown Gravel",2,"50530001 fb300c4b"
,"platform_colour/grey","Polish-Stations",https://bananas.openttd.org/package/newgrf/50530001,2026-02-12,"Grey",2,"50530001 fb300c4b"
,"platform_colour/hred","Polish-Stations",https://bananas.openttd.org/package/newgrf/50530001,2026-02-12,"Red-Striped Grey",2,"50530001 fb300c4b"
,"platform_colour/red","Polish-Stations",https://bananas.openttd.org/package/newgrf/50530001,2026-02-12,"Red",2,"50530001 fb300c4b"
,"platform_colour/tiled","Polish-Stations",https://bananas.openttd.org/package/newgrf/50530001,2026-02-12,"Tiled Grey",2,"50530001 fb300c4b"
,"platform_colour/whitel","Polish-Stations",https://bananas.openttd.org/package/newgrf/50530001,2026-02-12,"White-Lined Grey",2,"50530001 fb300c4b"
[power],Label,Introduced by,Hyperlink,When,Comment,Occurrences,Using GRFIDs
,"power/animal","Wolfie's Unified UK Trains",https://bananas.openttd.org/package/newgrf/57465907,2026-05-24,"Animal",2,"57465907 fb300c4b"
,"power/battery",OpenTTD default badges,https://github.com/OpenTTD/OpenTTD/pull/13655,2025-02-27,"Battery",5,"504e53ff 544d0201 544e0101 57465907 fb300c4b"
,"power/battery_hybrid","Iron Horse 4 (Trains)",https://bananas.openttd.org/package/newgrf/43411223,2026-03-23,"Battery Hybrid",2,"43411223 fb300c4b"
,"power/diesel",OpenTTD default badges,https://github.com/OpenTTD/OpenTTD/pull/13655,2025-02-27,"Diesel",7,"38424253 43411223 504e53ff 544d0201 544e0101 57465907 fb300c4b"
,"power/diesel/diesel-electric",OpenTTD default badges,https://github.com/OpenTTD/OpenTTD/pull/13655,2025-02-27,"Diesel (Diesel-electric)",2,"504e53ff fb300c4b"
,"power/diesel/diesel-hydraulic",OpenTTD default badges,https://github.com/OpenTTD/OpenTTD/pull/13655,2025-02-27,"Diesel (Diesel-hydraulic)",2,"504e53ff fb300c4b"
,"power/dual","2cc Narrow Gauge in NML",https://bananas.openttd.org/package/newgrf/544e0101,2026-05-05,"Dual-mode",3,"38424253 544e0101 fb300c4b"
,"power/dual_voltage","Iron Horse 4 (Trains)",https://bananas.openttd.org/package/newgrf/43411223,2026-03-23,"",1,"43411223"
,"power/electric",OpenTTD default badges,https://github.com/OpenTTD/OpenTTD/pull/13655,2025-02-27,"Electric",6,"38424253 43411223 504e53ff 544e0101 57465907 fb300c4b"
,"power/electric/ac",OpenTTD default badges,https://github.com/OpenTTD/OpenTTD/pull/13655,2025-02-27,"Electric (AC)",4,"38424253 504e53ff 544e0101 fb300c4b"
,"power/electric/ac/15kv",OpenTTD default badges,https://github.com/OpenTTD/OpenTTD/pull/13655,2025-02-27,"Electric (AC 15kV)",2,"504e53ff fb300c4b"
,"power/electric/ac/25kv",OpenTTD default badges,https://github.com/OpenTTD/OpenTTD/pull/13655,2025-02-27,"Electric (AC 25kV)",2,"504e53ff fb300c4b"
,"power/electric/dc",OpenTTD default badges,https://github.com/OpenTTD/OpenTTD/pull/13655,2025-02-27,"Electric (DC)",5,"38424253 504e53ff 544d0201 544e0101 fb300c4b"
,"power/electric/dc/1200v",OpenTTD default badges,https://github.com/OpenTTD/OpenTTD/pull/13655,2025-02-27,"Electric (DC 1200V)",2,"504e53ff fb300c4b"
,"power/electric/dc/1500v",OpenTTD default badges,https://github.com/OpenTTD/OpenTTD/pull/13655,2025-02-27,"Electric (DC 1500V)",2,"504e53ff fb300c4b"
,"power/electric/dc/3kv",OpenTTD default badges,https://github.com/OpenTTD/OpenTTD/pull/13655,2025-02-27,"Electric (DC 3kV)",2,"504e53ff fb300c4b"
,"power/electric/dc/600v",OpenTTD default badges,https://github.com/OpenTTD/OpenTTD/pull/13655,2025-02-27,"Electric (DC 600V)",2,"504e53ff fb300c4b"
,"power/electric/dc/750v",OpenTTD default badges,https://github.com/OpenTTD/OpenTTD/pull/13655,2025-02-27,"Electric (DC 750V)",2,"504e53ff fb300c4b"
,"power/electric/multi","Dutch Trainset 3XL",https://bananas.openttd.org/package/newgrf/544d0201,2026-06-20,"Electric (AC/DC)",2,"544d0201 fb300c4b"
,"power/electrified","U&ReRMM 3",https://bananas.openttd.org/package/newgrf/55464951,2026-01-02,"electrified",2,"55464951 fb300c4b"
,"power/electrified_third_rail","U&ReRMM 3",https://bananas.openttd.org/package/newgrf/55464951,2026-01-02,"electrified and third rail",2,"55464951 fb300c4b"
,"power/electro_diesel","Iron Horse 4 (Trains)",https://bananas.openttd.org/package/newgrf/43411223,2026-03-23,"",1,"43411223"
,"power/gasoline","2cc Narrow Gauge in NML",https://bananas.openttd.org/package/newgrf/544e0101,2026-05-05,"Petrol",3,"38424253 544e0101 fb300c4b"
,"power/hydrogen","2cc Narrow Gauge in NML",https://bananas.openttd.org/package/newgrf/544e0101,2026-05-05,"Hydrogen",2,"544e0101 fb300c4b"
,"power/metro","Iron Horse 4 (Trains)",https://bananas.openttd.org/package/newgrf/43411223,2026-03-23,"Metro",2,"43411223 fb300c4b"
,"power/ohle","Iron Horse 4 (Trains)",https://bananas.openttd.org/package/newgrf/43411223,2026-03-23,"Electric",2,"43411223 fb300c4b"
,"power/petrol","Wolfie's Unified UK Trains",https://bananas.openttd.org/package/newgrf/57465907,2026-05-24,"Petrol",2,"57465907 fb300c4b"
,"power/steam",OpenTTD default badges,https://github.com/OpenTTD/OpenTTD/pull/13655,2025-02-27,"Steam",7,"38424253 43411223 504e53ff 544d0201 544e0101 57465907 fb300c4b"
,"power/third_rail","U&ReRMM 3",https://bananas.openttd.org/package/newgrf/55464951,2026-01-02,"third rail",3,"544d0201 55464951 fb300c4b"
,"power/turbine",OpenTTD default badges,https://github.com/OpenTTD/OpenTTD/pull/13655,2025-02-27,"Gas Turbine",5,"38424253 504e53ff 544e0101 57465907 fb300c4b"
[railgauge],Label,Introduced by,Hyperlink,When,Comment,Occurrences,Using GRFIDs
,"railgauge/broad","2cc Narrow Gauge in NML",https://bananas.openttd.org/package/newgrf/544e0101,2026-03-30,"Broad",2,"544e0101 fb300c4b"
,"railgauge/broad/brunel","2cc Narrow Gauge in NML",https://bananas.openttd.org/package/newgrf/544e0101,2026-03-30,"Brunel (2,140mm)",2,"544e0101 fb300c4b"
,"railgauge/broad/dutch","2cc Narrow Gauge in NML",https://bananas.openttd.org/package/newgrf/544e0101,2026-03-30,"Dutch (1,945mm)",2,"544e0101 fb300c4b"
,"railgauge/broad/iberian","2cc Narrow Gauge in NML",https://bananas.openttd.org/package/newgrf/544e0101,2026-03-30,"Iberian (1,668mm)",2,"544e0101 fb300c4b"
,"railgauge/broad/indian","2cc Narrow Gauge in NML",https://bananas.openttd.org/package/newgrf/544e0101,2026-03-30,"Indian (1,676mm)",2,"544e0101 fb300c4b"
,"railgauge/broad/irish","2cc Narrow Gauge in NML",https://bananas.openttd.org/package/newgrf/544e0101,2026-03-30,"Irish (1,600mm)",2,"544e0101 fb300c4b"
,"railgauge/broad/russian","2cc Narrow Gauge in NML",https://bananas.openttd.org/package/newgrf/544e0101,2026-03-30,"Russian (1,520mm)",2,"544e0101 fb300c4b"
,"railgauge/narrow","2cc Narrow Gauge in NML",https://bananas.openttd.org/package/newgrf/544e0101,2026-03-30,"Narrow ",2,"544e0101 fb300c4b"
,"railgauge/narrow/2ft","2cc Narrow Gauge in NML",https://bananas.openttd.org/package/newgrf/544e0101,2026-03-30,"2 ft (610mm)",2,"544e0101 fb300c4b"
,"railgauge/narrow/2ft3in","2cc Narrow Gauge in NML",https://bananas.openttd.org/package/newgrf/544e0101,2026-03-30,"2 ft 3 in (686mm)",2,"544e0101 fb300c4b"
,"railgauge/narrow/2ft6in","2cc Narrow Gauge in NML",https://bananas.openttd.org/package/newgrf/544e0101,2026-03-30,"2 ft 6 in (762mm)",2,"544e0101 fb300c4b"
,"railgauge/narrow/3ft","2cc Narrow Gauge in NML",https://bananas.openttd.org/package/newgrf/544e0101,2026-03-30,"3 ft (914mm)",2,"544e0101 fb300c4b"
,"railgauge/narrow/4ft","2cc Narrow Gauge in NML",https://bananas.openttd.org/package/newgrf/544e0101,2026-03-30,"4 ft (1,219mm)",2,"544e0101 fb300c4b"
,"railgauge/narrow/4ft6in","2cc Narrow Gauge in NML",https://bananas.openttd.org/package/newgrf/544e0101,2026-03-30,"4 ft 6 in (1,372mm)",2,"544e0101 fb300c4b"
,"railgauge/narrow/600mm","2cc Narrow Gauge in NML",https://bananas.openttd.org/package/newgrf/544e0101,2026-03-30,"600 mm (600mm)",2,"544e0101 fb300c4b"
,"railgauge/narrow/750mm","2cc Narrow Gauge in NML",https://bananas.openttd.org/package/newgrf/544e0101,2026-03-30,"750 mm (750mm)",2,"544e0101 fb300c4b"
,"railgauge/narrow/900mm","2cc Narrow Gauge in NML",https://bananas.openttd.org/package/newgrf/544e0101,2026-03-30,"900 mm (900mm)",2,"544e0101 fb300c4b"
,"railgauge/narrow/bosnian","2cc Narrow Gauge in NML",https://bananas.openttd.org/package/newgrf/544e0101,2026-03-30,"Bosnian (760mm)",2,"544e0101 fb300c4b"
,"railgauge/narrow/cape","2cc Narrow Gauge in NML",https://bananas.openttd.org/package/newgrf/544e0101,2026-03-30,"Cape (1,067mm)",2,"544e0101 fb300c4b"
,"railgauge/narrow/italian_metre","2cc Narrow Gauge in NML",https://bananas.openttd.org/package/newgrf/544e0101,2026-03-30,"Italian metre (950mm)",2,"544e0101 fb300c4b"
,"railgauge/narrow/metre","2cc Narrow Gauge in NML",https://bananas.openttd.org/package/newgrf/544e0101,2026-03-30,"Metre (1,000mm)",2,"544e0101 fb300c4b"
,"railgauge/narrow/swedish_3ft","2cc Narrow Gauge in NML",https://bananas.openttd.org/package/newgrf/544e0101,2026-03-30,"Swedish 3ft (891mm)",2,"544e0101 fb300c4b"
,"railgauge/standard","2cc Narrow Gauge in NML",https://bananas.openttd.org/package/newgrf/544e0101,2026-03-30,"Standard (1,435mm)",2,"544e0101 fb300c4b"
[region],Label,Introduced by,Hyperlink,When,Comment,Occurrences,Using GRFIDs
,"region/africa",OpenTTD default badges,https://github.com/OpenTTD/OpenTTD/pull/13655,2025-02-27,"Africa",2,"504e53ff fb300c4b"
,"region/africa/eastern",OpenTTD default badges,https://github.com/OpenTTD/OpenTTD/pull/13655,2025-02-27,"Eastern Africa",2,"504e53ff fb300c4b"
,"region/africa/middle",OpenTTD default badges,https://github.com/OpenTTD/OpenTTD/pull/13655,2025-02-27,"Middle Africa",2,"504e53ff fb300c4b"
,"region/africa/northern",OpenTTD default badges,https://github.com/OpenTTD/OpenTTD/pull/13655,2025-02-27,"Northern Africa",2,"504e53ff fb300c4b"
,"region/africa/southern",OpenTTD default badges,https://github.com/OpenTTD/OpenTTD/pull/13655,2025-02-27,"Southern Africa",2,"504e53ff fb300c4b"
,"region/africa/western",OpenTTD default badges,https://github.com/OpenTTD/OpenTTD/pull/13655,2025-02-27,"Western Africa",2,"504e53ff fb300c4b"
,"region/america",OpenTTD default badges,https://github.com/OpenTTD/OpenTTD/pull/13655,2025-02-27,"Americas",2,"504e53ff fb300c4b"
,"region/america/caribbean",OpenTTD default badges,https://github.com/OpenTTD/OpenTTD/pull/13655,2025-02-27,"Caribbean",2,"504e53ff fb300c4b"
,"region/america/central",OpenTTD default badges,https://github.com/OpenTTD/OpenTTD/pull/13655,2025-02-27,"Central America",2,"504e53ff fb300c4b"
,"region/america/northern",OpenTTD default badges,https://github.com/OpenTTD/OpenTTD/pull/13655,2025-02-27,"Northern America",2,"504e53ff fb300c4b"
,"region/america/south",OpenTTD default badges,https://github.com/OpenTTD/OpenTTD/pull/13655,2025-02-27,"South America",2,"504e53ff fb300c4b"
,"region/asia",OpenTTD default badges,https://github.com/OpenTTD/OpenTTD/pull/13655,2025-02-27,"Asia",2,"504e53ff fb300c4b"
,"region/asia/central",OpenTTD default badges,https://github.com/OpenTTD/OpenTTD/pull/13655,2025-02-27,"Central Asia",2,"504e53ff fb300c4b"
,"region/asia/eastern",OpenTTD default badges,https://github.com/OpenTTD/OpenTTD/pull/13655,2025-02-27,"Eastern Asia",2,"504e53ff fb300c4b"
,"region/asia/southeastern",OpenTTD default badges,https://github.com/OpenTTD/OpenTTD/pull/13655,2025-02-27,"South-eastern Asia",2,"504e53ff fb300c4b"
,"region/asia/southern",OpenTTD default badges,https://github.com/OpenTTD/OpenTTD/pull/13655,2025-02-27,"Southern Asia",2,"504e53ff fb300c4b"
,"region/asia/western",OpenTTD default badges,https://github.com/OpenTTD/OpenTTD/pull/13655,2025-02-27,"Western Asia",2,"504e53ff fb300c4b"
,"region/europe",OpenTTD default badges,https://github.com/OpenTTD/OpenTTD/pull/13655,2025-02-27,"Europe",2,"504e53ff fb300c4b"
,"region/europe/eastern",OpenTTD default badges,https://github.com/OpenTTD/OpenTTD/pull/13655,2025-02-27,"Eastern Europe",3,"504e53ff 50530001 fb300c4b"
,"region/europe/northern",OpenTTD default badges,https://github.com/OpenTTD/OpenTTD/pull/13655,2025-02-27,"Northern Europe",2,"504e53ff fb300c4b"
,"region/europe/southern",OpenTTD default badges,https://github.com/OpenTTD/OpenTTD/pull/13655,2025-02-27,"Southern Europe",2,"504e53ff fb300c4b"
,"region/europe/western",OpenTTD default badges,https://github.com/OpenTTD/OpenTTD/pull/13655,2025-02-27,"Western Europe",2,"504e53ff fb300c4b"
,"region/oceania",OpenTTD default badges,https://github.com/OpenTTD/OpenTTD/pull/13655,2025-02-27,"Oceania",2,"504e53ff fb300c4b"
,"region/oceania/australia_and_new_zealand",OpenTTD default badges,https://github.com/OpenTTD/OpenTTD/pull/13655,2025-02-27,"Australia and New Zealand",2,"504e53ff fb300c4b"
,"region/oceania/melanesia",OpenTTD default badges,https://github.com/OpenTTD/OpenTTD/pull/13655,2025-02-27,"Melanesia",2,"504e53ff fb300c4b"
,"region/oceania/micronesia",OpenTTD default badges,https://github.com/OpenTTD/OpenTTD/pull/13655,2025-02-27,"Micronesia",2,"504e53ff fb300c4b"
,"region/oceania/polynesia",OpenTTD default badges,https://github.com/OpenTTD/OpenTTD/pull/13655,2025-02-27,"Polynesia",2,"504e53ff fb300c4b"
[roadtype_flag_no_houses],Label,Introduced by,Hyperlink,When,Comment,Occurrences,Using GRFIDs
[role],Label,Introduced by,Hyperlink,When,Comment,Occurrences,Using GRFIDs
,"role/banking",OpenTTD default badges,https://github.com/OpenTTD/OpenTTD/pull/13655,2025-02-27,"Banking",2,"504e53ff fb300c4b"
,"role/driving_cab","Iron Horse 4 (Trains)",https://bananas.openttd.org/package/newgrf/43411223,2026-01-04,"Driving Cab",2,"43411223 fb300c4b"
,"role/executive","Dutch Trainset 3XL",https://bananas.openttd.org/package/newgrf/544d0201,2026-06-20,"Executive",2,"544d0201 fb300c4b"
,"role/express","Iron Horse 4 (Trains)",https://bananas.openttd.org/package/newgrf/43411223,2026-01-04,"Express",2,"43411223 fb300c4b"
,"role/express_freight",OpenTTD default badges,https://github.com/OpenTTD/OpenTTD/pull/13655,2025-02-27,"Express freight",2,"504e53ff fb300c4b"
,"role/express_passenger",OpenTTD default badges,https://github.com/OpenTTD/OpenTTD/pull/13655,2025-02-27,"Express passenger",4,"504e53ff 544d0201 57465907 fb300c4b"
,"role/freight",OpenTTD default badges,https://github.com/OpenTTD/OpenTTD/pull/13655,2025-02-27,"Freight",5,"43411223 504e53ff 544d0201 57465907 fb300c4b"
,"role/gronk","Iron Horse 4 (Trains)",https://bananas.openttd.org/package/newgrf/43411223,2026-01-04,"Gronk!",2,"43411223 fb300c4b"
,"role/heavy_freight",OpenTTD default badges,https://github.com/OpenTTD/OpenTTD/pull/13655,2025-02-27,"Heavy freight",4,"504e53ff 544d0201 57465907 fb300c4b"
,"role/high_power_railcar","Iron Horse 4 (Trains)",https://bananas.openttd.org/package/newgrf/43411223,2026-01-04,"Express",2,"43411223 fb300c4b"
,"role/international","Dutch Trainset 3XL",https://bananas.openttd.org/package/newgrf/544d0201,2026-06-20,"International passengers",2,"544d0201 fb300c4b"
,"role/light_freight",OpenTTD default badges,https://github.com/OpenTTD/OpenTTD/pull/13655,2025-02-27,"Light freight",3,"504e53ff 544d0201 fb300c4b"
,"role/lolz","Iron Horse 4 (Trains)",https://bananas.openttd.org/package/newgrf/43411223,2026-01-04,"Lolz",2,"43411223 fb300c4b"
,"role/mail",OpenTTD default badges,https://github.com/OpenTTD/OpenTTD/pull/13655,2025-02-27,"Mail",4,"504e53ff 544d0201 57465907 fb300c4b"
,"role/metro","Iron Horse 4 (Trains)",https://bananas.openttd.org/package/newgrf/43411223,2026-01-04,"Very High Capacity Urban",3,"43411223 544d0201 fb300c4b"
,"role/metro_freight","Iron Horse 4 (Trains)",https://bananas.openttd.org/package/newgrf/43411223,2026-01-04,"Urban Freight",2,"43411223 fb300c4b"
,"role/mixed",OpenTTD default badges,https://github.com/OpenTTD/OpenTTD/pull/13655,2025-02-27,"Mixed",3,"504e53ff 57465907 fb300c4b"
,"role/passenger",OpenTTD default badges,https://github.com/OpenTTD/OpenTTD/pull/13655,2025-02-27,"Passenger",5,"504e53ff 50530001 544d0201 57465907 fb300c4b"
,"role/prototype",OpenTTD default badges,https://github.com/OpenTTD/OpenTTD/pull/13655,2025-02-27,"Prototype",3,"504e53ff 57465907 fb300c4b"
,"role/restaurant_car",OpenTTD default badges,https://github.com/OpenTTD/OpenTTD/pull/13655,2025-02-27,"Restaurant car",2,"504e53ff fb300c4b"
,"role/shunting",OpenTTD default badges,https://github.com/OpenTTD/OpenTTD/pull/13655,2025-02-27,"Shunting",4,"504e53ff 544d0201 57465907 fb300c4b"
,"role/snowplough",OpenTTD default badges,https://github.com/OpenTTD/OpenTTD/pull/13655,2025-02-27,"Snowplough",2,"504e53ff fb300c4b"
,"role/suburban_or_universal_railcar","Iron Horse 4 (Trains)",https://bananas.openttd.org/package/newgrf/43411223,2026-01-04,"High Capacity",2,"43411223 fb300c4b"
,"role/universal","Iron Horse 4 (Trains)",https://bananas.openttd.org/package/newgrf/43411223,2026-01-04,"General Purpose",2,"43411223 fb300c4b"
,"role/utility",OpenTTD default badges,https://github.com/OpenTTD/OpenTTD/pull/13655,2025-02-27,"Utility",2,"504e53ff fb300c4b"
,"role/very_high_speed","Iron Horse 4 (Trains)",https://bananas.openttd.org/package/newgrf/43411223,2026-01-04,"InterCity Express",3,"43411223 544d0201 fb300c4b"
[roof],Label,Introduced by,Hyperlink,When,Comment,Occurrences,Using GRFIDs
,"roof/blue","Polish-Stations",https://bananas.openttd.org/package/newgrf/50530001,2026-02-14,"Blue",2,"50530001 fb300c4b"
,"roof/glass","Polish-Stations",https://bananas.openttd.org/package/newgrf/50530001,2026-02-14,"Glass",2,"50530001 fb300c4b"
,"roof/metal","Polish-Stations",https://bananas.openttd.org/package/newgrf/50530001,2026-02-14,"Metal",2,"50530001 fb300c4b"
,"roof/rusty","Polish-Stations",https://bananas.openttd.org/package/newgrf/50530001,2026-02-14,"Rusty",2,"50530001 fb300c4b"
,"roof/slate","Polish-Stations",https://bananas.openttd.org/package/newgrf/50530001,2026-02-14,"Slate",2,"50530001 fb300c4b"
[screen],Label,Introduced by,Hyperlink,When,Comment,Occurrences,Using GRFIDs
,"screen/black","Polish-Stations",https://bananas.openttd.org/package/newgrf/50530001,2026-02-14,"Black",2,"50530001 fb300c4b"
,"screen/blue","Polish-Stations",https://bananas.openttd.org/package/newgrf/50530001,2026-02-14,"Blue",2,"50530001 fb300c4b"
,"screen/white","Polish-Stations",https://bananas.openttd.org/package/newgrf/50530001,2026-02-14,"White",2,"50530001 fb300c4b"
[shelter],Label,Introduced by,Hyperlink,When,Comment,Occurrences,Using GRFIDs
,"shelter/black","Polish-Stations",https://bananas.openttd.org/package/newgrf/50530001,2026-02-14,"Black",2,"50530001 fb300c4b"
,"shelter/blue","Polish-Stations",https://bananas.openttd.org/package/newgrf/50530001,2026-02-14,"Blue",2,"50530001 fb300c4b"
,"shelter/sextant","Polish-Stations",https://bananas.openttd.org/package/newgrf/50530001,2026-02-14,"Sextant",2,"50530001 fb300c4b"
,"shelter/white","Polish-Stations",https://bananas.openttd.org/package/newgrf/50530001,2026-02-14,"White",2,"50530001 fb300c4b"
[zone],Label,Introduced by,Hyperlink,When,Comment,Occurrences,Using GRFIDs
,"zone/agricultural",OpenTTD default badges,https://github.com/OpenTTD/OpenTTD/pull/13655,2025-02-27,"Agricultural",2,"504e53ff fb300c4b"
,"zone/com",OpenTTD default badges,https://github.com/OpenTTD/OpenTTD/pull/13655,2025-02-27,"Commercial",2,"504e53ff fb300c4b"
,"zone/com/high",OpenTTD default badges,https://github.com/OpenTTD/OpenTTD/pull/13655,2025-02-27,"High density commercial",2,"504e53ff fb300c4b"
,"zone/com/low",OpenTTD default badges,https://github.com/OpenTTD/OpenTTD/pull/13655,2025-02-27,"Low density commercial",2,"504e53ff fb300c4b"
,"zone/com/medium",OpenTTD default badges,https://github.com/OpenTTD/OpenTTD/pull/13655,2025-02-27,"Medium density commercial",2,"504e53ff fb300c4b"
,"zone/forestry",OpenTTD default badges,https://github.com/OpenTTD/OpenTTD/pull/13655,2025-02-27,"Forestry",2,"504e53ff fb300c4b"
,"zone/general",OpenTTD default badges,https://github.com/OpenTTD/OpenTTD/pull/13655,2025-02-27,"General",2,"504e53ff fb300c4b"
,"zone/ind",OpenTTD default badges,https://github.com/OpenTTD/OpenTTD/pull/13655,2025-02-27,"Industrial",2,"504e53ff fb300c4b"
,"zone/ind/high",OpenTTD default badges,https://github.com/OpenTTD/OpenTTD/pull/13655,2025-02-27,"High density industrial",2,"504e53ff fb300c4b"
,"zone/ind/low",OpenTTD default badges,https://github.com/OpenTTD/OpenTTD/pull/13655,2025-02-27,"Low density industrial",2,"504e53ff fb300c4b"
,"zone/ind/medium",OpenTTD default badges,https://github.com/OpenTTD/OpenTTD/pull/13655,2025-02-27,"Medium density industrial",2,"504e53ff fb300c4b"
,"zone/leisure",OpenTTD default badges,https://github.com/OpenTTD/OpenTTD/pull/13655,2025-02-27,"Leisure",2,"504e53ff fb300c4b"
,"zone/mixed",OpenTTD default badges,https://github.com/OpenTTD/OpenTTD/pull/13655,2025-02-27,"Commercial & residential",2,"504e53ff fb300c4b"
,"zone/mixed/high",OpenTTD default badges,https://github.com/OpenTTD/OpenTTD/pull/13655,2025-02-27,"High density commercial & residential",2,"504e53ff fb300c4b"
,"zone/mixed/low",OpenTTD default badges,https://github.com/OpenTTD/OpenTTD/pull/13655,2025-02-27,"Low density commercial & residential",2,"504e53ff fb300c4b"
,"zone/mixed/medium",OpenTTD default badges,https://github.com/OpenTTD/OpenTTD/pull/13655,2025-02-27,"Medium density commercial & residential",2,"504e53ff fb300c4b"
,"zone/other",OpenTTD default badges,https://github.com/OpenTTD/OpenTTD/pull/13655,2025-02-27,"Other",2,"504e53ff fb300c4b"
,"zone/public",OpenTTD default badges,https://github.com/OpenTTD/OpenTTD/pull/13655,2025-02-27,"Public",2,"504e53ff fb300c4b"
,"zone/res",OpenTTD default badges,https://github.com/OpenTTD/OpenTTD/pull/13655,2025-02-27,"Residential",2,"504e53ff fb300c4b"
,"zone/res/high",OpenTTD default badges,https://github.com/OpenTTD/OpenTTD/pull/13655,2025-02-27,"High density residential",2,"504e53ff fb300c4b"
,"zone/res/low",OpenTTD default badges,https://github.com/OpenTTD/OpenTTD/pull/13655,2025-02-27,"Low density residential",2,"504e53ff fb300c4b"
,"zone/res/medium",OpenTTD default badges,https://github.com/OpenTTD/OpenTTD/pull/13655,2025-02-27,"Medium density residential",2,"504e53ff fb300c4b"
,"zone/transport",OpenTTD default badges,https://github.com/OpenTTD/OpenTTD/pull/13655,2025-02-27,"Transport",2,"504e53ff fb300c4b"
